,IPs,APP ID,Protocol type port,FQDNs,Application Name
20163,141.73.46.16,1995,TCP 443,https://webservicesq.siemens.com/jonas/servlet/jonas,JONAS (GS IT ED)
19737,10.142.5.69,2372,TCP 443; TCP 1433,meu2aiopsrv001.ad003.siemens.net,Beuscherverwaltung
20142,136.157.210.87,6061,TCP 80; TCP 443,,openscape
8,139.22.192.211,1992,TCP 44386,sap07087.os.fth.sbs.de,SAP: SWP (EU1)
9,139.22.192.212,1992,TCP 44385,sap07090.os.fth.sbs.de,SAP: SWP (EU1)
10,139.22.192.213,1992,TCP 44384,sap07091.os.fth.sbs.de,SAP: SWP (EU1)
11,139.22.192.214,1992,TCP 44383,sap07095.os.fth.sbs.de,SAP: SWP (EU1)
12,139.22.192.215,1992,TCP 44382,sap07092.os.fth.sbs.de,SAP: SWP (EU1)
13,139.22.192.216,1992,TCP 44381,sap07093.os.fth.sbs.de,SAP: SWP (EU1)
18156,139.21.161.236,7423,TCP 44375,,PSDI
15,139.22.192.218,1992,TCP 44379,sap07094.os.fth.sbs.de,SAP: SWP (EU1)
21,158.226.14.71,5338,TCP 3249; TCP 3649,pt1-ci.sie.siemens.at,SAP HCM (PT1) [HU]
18885,139.23.87.6,2080,TCP 8443; TCP 443,Schnittstellenserver Open-FT Test (virt.),SAP HCM - EDP - Employee Data Provider (POP) & CPD-Tax & Construction Delegation [DE]
19,139.23.87.39,2080,TCP 3202; TCP 3601; TCP 3602; TCP 4802; TCP 443,edp-opi.siemens.com,SAP HCM - EDP - Employee Data Provider (POP) & CPD-Tax & Construction Delegation [DE]
33,139.23.15.7,2123,TCP 28000;TCP 28010;TCP 8888;TCP 8889;TCP 27006;TCP 27016,demchtcz0ka.AD007.siemens.net,Teamcenter IEC
18464,161.218.4.14,3258,TCP 4448; TCP 4447; TCP 4457; TCP 445,sn1usw24.ad001.siemens.net,Teamcenter
19378,139.25.228.178,2277,TCP 443; TCP 447,scdwebgid.siemens.net,SCD
9867,10.143.127.255,56,TCP 80; TCP 443; TCP 5432 ; TCP 1433 ; TCP 1521 ; TCP 8182; TCP 3306,*.mosaic-dev.siemens.cloud;*.mosaic-dev.siemens-energy.cloud;*.omnivise-dev.siemens-energy.cloud;*.sta-rms.siemens-energy.cloud,MyCloud (Mosaic)
20120,194.138.226.158,12366,TCP 22,,AP9_DB
10124,139.23.157.218,46,TCP 8443; TCP 8444; TCP 3389,oslo-test.energy.siemens.com;oslo.energy.siemens.com,OsLo
10140,10.140.30.76,73,TCP 5439,redshift-cluster-transformercloud.cufbtmk9tw7k.eu-central-1.redshift.amazonaws.com:5439/transformer_analytics,Redshift for Data Analytics @ Transmission'
16161,10.142.255.99,13267,TCP 443; TCP 22,api-dev.snaplogic.siemens.cloud,SnapLogic Integartion Platform
19761,136.157.210.21,17523,TCP 1433,,s_Concierge
10135,129.73.133.242,69,TCP 34216,md2prvjc.ad001.siemens.net,Seeq PDC Data Analytics Application
19348,139.25.128.70,2235,TCP 443; TCP 1521,demchdc7epx.ad007.siemens.net,Aconso EPA [CH] (application);Aconso EPA [CH] (data base)
10184,192.168.128.26,828,TCP 135; TCP 445; TCP 49152-65535; TCP 5985; TCP 5986,nlztws99102sto.ad001.siemens.net,PDMS - E F
10179,139.22.63.49,828,TCP 5985; TCP 5986,denbgat9w3osrv.ad001.siemens.net,PDMS - E F
10180,139.23.156.172,828,UDP 4545; TCP 4545; TCP 4546,sn1lic01.ad001.siemens.net,PDMS - E F
14672,139.23.156.19,2760,TCP 135; TCP 5000-5100; TCP 135; TCP 445; TCP 49152-65535,sn1t6202.ad001.siemens.net,AVEVA Global
10176,132.186.119.78,828,TCP 5985; TCP 5986; TCP 135; TCP 445; TCP 49152-65535,inggnm7oiah.ad001.siemens.net,PDMS - E F
10178,139.21.139.242,828,TCP 135; TCP 1433,sn1d5205.ad001.siemens.net,PDMS - E F
20092,132.186.199.166,12685,TCP 3389 ,,ClearCase
19710,139.22.15.196,17185,TCP 6201,DEFTHWA99N9SRV.ad901.siemens.net,s_Sedatabase
10201,146.253.34.34,451,TCP 4545; TCP 4546; TCP 744,sn1fsp04.ad001.siemens.com,PDMS_FSP
10204,147.54.158.24,919,TCP 1099; TCP 1098,SN1GHZ01;SN1GHZ02;deblnro900osrv,GHIS
20097,139.25.232.87,3422,TCP 445,\\demchdcvs263.ad007.siemens.net\GSCDX,GSCDX
10873,139.23.156.117,523,TCP 80; TCP 443; TCP 139; TCP 445,sn1t3503.ad001.siemens.net,3L PPS
18869,139.25.0.244,2028,TCP 8443,"139.25.0.245 nsc.pki-services.siemens.com
139.23.2.55 nsccesintegration-test.siemens.com
139.25.239.150 nsccesintegration.siemens.com
139.25.0.245 nsc.pki-services.siemens.com
nsc-test.pki-services.siemens.com
139.25.0.244 nsc-qa.pki-services.siemens.com",PKI NSC - Network Smartcard
19255,139.23.157.104,2320,TCP 6221,defthw99y6csrv.ad001.siement.net ,8D-Universal 
18777,139.25.128.167,1055,TCP  36692,demchdc847a.ad007.siemens.net,DOORS
10901,139.22.144.31,1326,TCP 3203; TCP 8000; TCP 8200,defthwa95lf.dc.siemens.net,SAP AQ2
17502,194.138.187.70,12366,TCP 3201,sgsgpk099ub.siemens.com.sg,AP9_SAP
19524,140.231.76.20,1936,TCP 3200,SAPSG020,SAP AP2
10906,139.22.144.251,1326,TCP 30103,defthwa9hvs.dc.siemens.net,SAP AQ2
10908,139.22.144.241,1326,TCP 8000; TCP 8200,https://ims.siemens.com:8200/sap/bc/webdynpro/sie/ssg_ims_eu_portal,SAP AQ2
10920,132.186.119.177,1152,TCP 1964,inggnm7csa.ad001.siemens.net,Microstation V7
20132,139.23.94.134,2231,TCP 30015,,SAP ERP P5E
20101,139.23.94.11,75,TCP 3200; TCP 3202,solman.siemens.net,SAP SolMan CA1
19526,140.231.76.24,1936,TCP 3203,SAPSG014,SAP AP2
10925,140.231.76.9,1977,TCP 3201;TCP 3200,sapsg013,SAP: AP0 (AAE)
20048,139.25.239.163,3010,TCP 443; TCP 80,,IAM Core
10934,139.25.231.93,1875,TCP 443; TCP 450,find-q.siemens.com,FIND
10935,139.25.231.87,1875,TCP 443:TCP 450; TCP 480; TCP 481,technosearch1.siemens.com,FIND
10950,139.23.161.43,1991,TCP 3204; TCP 3604; TCP 4804; TCP 443; TCP 444,etd-enp.eps.siemens.com,ENP
10955,161.218.188.111,1413,TCP 16000; TCP 16500-16519; TCP 22233-22236; TCP 32843; TCP 32844; TCP 808; TCP 32845; TCP 49152-65535; TCP 1025-5000; TCP 25; TCP 32846; TCP 443; TCP 10494; TCP 6201; UDP 6201; TCP 3389,sn1w7705.ad001.siemens.net;http://sn1w7705:16000;http://sn1w7705:10494,SharePoint Apps
14519,161.218.188.195,2437,TCP 443; TCP 16500-16519; TCP 22233-22236; TCP 32843; TCP 32844; TCP 808; TCP 32845; TCP 49152-65535; TCP 1025-5000; TCP 25; TCP 32846,https://matesp13.ww007.siemens.net/,Capital Investment Requests
19868,10.99.159.107,,TCP 443;TCP 3389,,s_atos-bps
14521,161.218.188.190,2437,TCP 6201; UDP 6201; TCP 3389,SN1D1613.ad001.siemens.net,Capital Investment Requests
10972,139.23.197.247,1452,TCP 3389; TCP 2598,defthwa9b1xtss.ad001.siemens.net,Picoda
14779,139.23.197.247,3157,TCP 2598,defthwa9b1xtss.ad001.siemens.net,SmartPlant Foundation
10974,139.25.128.168,1492,TCP 443; TCP 945,demchdc895a.ad007.siemens.net,Problem Tracker - SPPA-T2000
16494,139.21.152.119,1542,TCP 139; TCP 443; TCP 3389; TCP 49802; TCP 52017; TCP 52158; TCP 52175-52176; TCP 52180; TCP 52183-52186; TCP 52188; TCP 52194; TCP 52201; TCP 52205; TCP 52208; TCP 52210; TCP 52218; TCP 52222-52223; TCP 59853; TCP 59868; TCP 60222; TCP 60247; UDP 137-138; UDP 1900; UDP 56336,sn1w2207.ad001.siemens.net,ProKabel
16495,139.21.152.135,1542,TCP 139; TCP 3389; TCP 6201; TCP 50006; TCP 50218; TCP 52658; TCP 52843; TCP 52853; TCP 52908; TCP 52912; TCP 52916-52917; TCP 52919-52931; TCP 57734; TCP 62376; TCP 64056; TCP 64372; TCP 64963; TCP 64965; TCP 65157; UDP 137; UDP 138; UDP 1900; UDP 60476,sn1d4312.ad001.siemens.net,ProKabel
14381,136.157.21.130,1725,TCP 445; UDP 137,usttn020016srv.ww007.siemens.net,NGFS
14396,139.23.161.81,1993,TCP 3200-3299; TCP 3300-3399; TCP 3400-3499; TCP 3600-3699; TCP 4300-4399; TCP 4800-4899; TCP 8000-8099; TCP 443; TCP 444; TCP 445; TCP 8443; TCP 30013-39913; TCP 30015-39915; TCP 50013-59913; TCP 50014-59914; TCP 8888; TCP 8889; TCP 8100-8199; TCP 8200-8299; TCP 8300-8399; TCP 8400-8499; TCP 1100; TCP 1120; TCP 1130; TCP 1300; TCP 1320; TCP 9100; TCP 515; TCP 44000-44999; TCP 8330-8399; TCP 9000-9099; TCP 9100-9199; TCP 9400-9499; TCP 9500-9599; TCP 1500-1599; TCP 15000-15099; TCP 2400-2499; TCP 25000-25999,defthwa9mjy.os.fth.sbs.de,KSU
19800,139.22.159.27,1995,TCP 102,rzvbftba.siemens.com,JONAS Server
14403,139.23.155.141,2004,TCP 3200; TCP 3300; TCP 3400; TCP 3600,sap03856.os.fth.sbs.de,SAP ERP OPP OneP
14402,139.23.155.143,2004,TCP 3200; TCP 3220; TCP 3300; TCP 3320; TCP 3400; TCP 3420; TCP 3600; TCP 3620,sap01451.os.fth.sbs.de,SAP ERP OPP OneP
14405,139.23.155.156,2004,TCP 3242; TCP 3342; TCP 3442; TCP 3642,sap03952.os.fth.sbs.de,SAP ERP OPQ OneP
14406,139.23.155.149,2004,TCP 3241; TCP 3341; TCP 3441; TCP 3641,sap03888.os.fth.sbs.de,SAP ERP OPSOneP
14409,139.22.180.133,2004,TCP 34115,SAPHA047.os.fth.sbs.de     ,SAP ERP OPS OneP
14410,139.22.180.144,2004,TCP 34215,pkgopq4d.os.fth.sbs.de,SAP ERP OPQ OneP
14416,10.160.0.218,2030,TCP 85; TCP 81; TCP 82,nooslo1103srv.ad001.siemens.net,ProArc 6.10
14417,146.253.34.53,2030,TCP 443; TCP 81; TCP 82; TCP 83; TCP 84; TCP 85,sn1w4208.ad001.siemens.net,ProArc 6.10
14437,129.103.99.235,2172,TCP 389; TCP 636; UDP 389; UDPP 636,ad001.siemens.net,CMT (Correspondence Management Tool)
14513,139.22.248.56,2518,TCP 443; TCP 22; TCP 25; TCP 111; TCP 161; TCP 177; TCP 199 ; TCP 323; TCP 631; TCP 634; TCP 703; TCP 3171; TCP 3173; TCP 5432; TCP 5901; TCP 5902; TCP 6001; TCP 6002; TCP 6010; TCP 6011; TCP 6012; TCP 6013; TCP 6014; TCP 6015; TCP 6016; TCP 10050; TCP 23333; TCP 32948; TCP 37365; TCP 56754,dedbgrguicaex.ad001.siemens.net,BLPROG
14515,161.218.188.111,2437,TCP 16000; TCP 16500-16519; TCP 22233-22236; TCP 32843; TCP 32844; TCP 808; TCP 32845; TCP 49152-65535; TCP 1025-5000; TCP 25; TCP 32846; TCP 10494; TCP 3389,http://sn1w7705:16000;sn1w7705.ad001.siemens.net,Capital Investment Requests
14517,161.218.81.39,2437,TCP 16000; TCP 16500-16519; TCP 22233-22236; TCP 32843; TCP 32844; TCP 808; TCP 32845; TCP 49152-65535; TCP 1025-5000; TCP 25; TCP 32846,https://matesp13qa.ww007.siemens.net/,Capital Investment Requests
19807,139.23.123.134,4995,TCP 444,demchdc9uka.ad007.siemens.net,ITAM
14569,139.25.238.71,2281,TCP 443; TCP 7777; TCP 5555,"demchdc9sca.ad007.siemens.net, samtoolsqa.siemens.com",SAM4Siemens - Tools
14639,144.145.46.13,2383,TCP 10004; TCP 7600; TCP 445; TCP 389,DEBBGN3ADA.ad101.siemens-energy.net,CAD-Verwaltung
14649,147.54.155.181,2384,TCP 27000,acdgnl03.ts.siemens.de,CAD-Zeichnungen
14656,139.16.14.171,2424,TCP 443; TCP 442,sn1w0209.ad001.siemens.net,BI SS EU1 (MSSQL)
14660,140.231.110.148,2425,TCP 8320,apsgp48x.siemens.com,BI_AAE_BW (APB)
14673,129.103.219.15,2760,TCP 135; TCP 445; TCP 49152-65535,dehbgl99i6bdat.ad001.siemens.net,AVEVA Global
15533,139.16.14.199,5036,TCP 1215-2215; TCP 2216; TCP 2316,,MAN SSIS NERA DEB IMPORTHUE (INTERF) (FR)
14699,139.23.156.92,3009,TCP 4900; TCP 99; TCP 443,sn1kra01.ad001.siemens.net,Krawal SCM
14716,129.73.171.37,3077,TCP 1055; TCP 2325,lic-ansy-usa01.siemens-energy.com,ANSYS Simplorer
14762,139.23.197.87,3157,TCP 3873; UDP 3873,defthw992rlsrv.ad001.siemens.net,SmartPlant Foundation
14795,132.186.119.177,3157,TCP 807; UDP 807,inggnm7csa.ad001.siemens.net,SmartPlant Foundation
14751,209.243.214.238,3143,TCP 6202,sn1sn129.ad001.siemens.net,SmartPlant P&ID
19588,192.129.41.24,5831,TCP 80,proxyconf-uba-vip.fth.sbs.de,QMS V
19677,163.242.205.187,4853,TCP 1521,rumowks0187srv.ad001.siemens.net,Kofax
15121,139.21.170.145,5579,TCP 3389; TCP 445,sn1sn136.ad001.siemens.net,Plan de Campagne
14855,139.22.53.51,3369,TCP 212; TCP 47012,detoic012a.hspkoeln.de,Felios (Test)
14859,139.16.14.179,3989,TCP 135-139; TCP 445; UDP 135-139,,EDITIQUE (WEBAPP) (FR)
15764,10.141.30.199,8962,TCP 5432,mistestpostgre.cy9mxttigrkx.eu-central-1.rds.amazonaws.com,MIS
14879,129.73.171.20,3474,TCP 80; TCP 443; TCP 9494,usorla7vd0106x.ad001.siemens.net,Engineering Material Center (Dev)
14881,139.22.248.56,3477,TCP 443; TCP 37365; TCP 111; TCP 161; TCP 177; TCP 32948; TCP 323; TCP 634; TCP 703; TCP 199; TCP 5901; TCP 5902; TCP 111; TCP 6001; TCP 6002; TCP 56754; TCP 22; TCP 631; TCP 5432; TCP 5432; TCP 25; TCP 6010-16; TCP 10050; TCP 3171; TCP 23333; TCP 3173,dedbgrguicaex.ad001.siemens.net,GUI2LINUX
17661,10.130.158.137,13252,TCP 446,chouteau-iot-oa.mosaic-dev.siemens.cloud,APM4PP
14899,209.243.214.160,3747,TCP 53535; TCP 53536; TCP 53537; TCP 53538; TCP 53539,usorla400awtss.ad001.siemens.net,ELMS
15437,157.163.86.109,7550,TCP 38080,sap01279.os.fth.sbs.de,TIMT
14962,141.73.44.106,4238,TCP 42057,sn1w6306.ad001.siemens.net;sn1wcp01.ad001.siemens.net,WebCycle Stage (new)
14967,194.138.214.34,4748,TCP 27003,matlab-lic-usorl01.siemens.net,MatLab
14973,163.242.205.140,4853,TCP 443; TCP 2424,rumowks0140srv.ad001.siemens.net,Kofax
14977,140.231.99.17,4290,TCP 12079; TCP 13079; TCP 14079; TCP 443,nexus3.siemens.com,Nexus
14978,140.231.99.15,4290,TCP 15079,sgsgpt1015srv.ad001.siemens.net,Nexus
14982,140.231.99.8,4290,TCP 8079; TCP 7079,nexusqa.siemens.com,Nexus
14984,10.225.128.82,4290,TCP 12079; TCP 443,intranet.nexus3.siemens-energy.com,Nexus
14985,10.225.128.83,4290,TCP 14079; TCP 443,cnpek0173y.ad101.siemens-energy.net,Nexus
14987,10.225.128.84,4290,TCP 9079; TCP 443,cnpek0173z.ad101.siemens-energy.net,Nexus
14988,10.225.128.109,4290,TCP 8079; TCP 443,cnpek0174e.ad101.siemens-energy.net,Nexus
16054,147.54.175.22,11490,TCP 1433; TCP 6201,deblnh99db1srv.AD001.siemens.net,Termindatenbank
14997,157.163.138.103,4397,TCP 443; TCP 448; TCP 52101; TCP 54000; TCP 54001,sap01108.os.fth.sbs.de,OneSRM
15007,10.225.128.73,4397,TCP 443; TCP 448; TCP 50001,cnpek0173m.cn001.siemens.net,OneSRM
14999,157.163.138.21,4397,TCP 8060; TCP 56000; TCP 56001; TCP 8161; TCP 56004,sap01322.os.fth.sbs.de,OneSRM
15000,157.163.138.41,4397,TCP 443; TCP 448; TCP 53101; TCP 55000; TCP 55001,sap01236.os.fth.sbs.de,OneSRM
15001,157.163.138.76,4397,TCP 8020; TCP 8040; TCP 54001; TCP 54000; TCP 54004; TCP 54007; TCP 4830; TCP 4820; TCP 8151,sap01107.os.fth.sbs.de,OneSRM
15002,157.163.138.70,4397,TCP 8020; TCP 8040; TCP 4831,sap01237.os.fth.sbs.de,OneSRM
15003,157.163.138.100,4397,TCP 8020; TCP 8040; TCP 54001; TCP 54000; TCP 54004; TCP 54007; TCP 4830,sap01238.os.fth.sbs.de,OneSRM
15004,139.24.237.71,4397,TCP 8030; TCP 8000,cnpek01284.cn001.siemens.net,OneSRM
15008,10.225.128.74,4397,TCP 3200; TCP 8000; TCP 8030; TCP 8100; TCP 50000; TCP 50001; TCP 50004,cnpek0173n.cn001.siemens.net,OneSRM
15006,10.225.128.72,4397,TCP 3200; TCP 3300; TCP 8030; TCP 8000,cnpek0173k.cn001.siemens.net,OneSRM
15009,157.163.134.237,4397,TCP 3210; TCP 3240; TCP 3310; TCP 8010; TCP 8081; TCP 51100; TCP 54000; TCP 54001; TCP 54004; TCP 54007; TCP 51101; TCP 53000; TCP 53001; TCP 8010; TCP 51100; TCP 8081; TCP 54001; TCP 54000; TCP 54004; TCP 54007; TCP 4810; TCP 8141,sap01109.os.fth.sbs.de,OneSRM
15022,147.54.168.21,4593,TCP 80; TCP 8080; TCP 8081; TCP 443; TCP 6201; TCP 1433,blnh246a.ad001.siemens.net,Infosys User Interface
15058,139.22.249.88,4517,TCP 3300,dedbgrvm09.mftech.dbgr.siemens.de,MDE DB
15061,149.246.190.134,4499,TCP 1433; TCP 1437,sn1dbg02.ad001.siemens.net,OpenXS
15989,139.25.201.213,10902,TCP 8404; TCP 3202; TCP 3302; TCP 4802; TCP 3203; TCP 3303; TCP 4803; TCP 3204; TCP 3304; TCP 4804; TCP 3205; TCP 3305; TCP 4805; TCP 3601,demchdc9stx.dc4ca.siemens.de;demchdc9sux.dc4ca.siemens.de,SPSplus
15991,139.25.201.175,10902,TCP 443; TCP 3202; TCP 3302; TCP 4802; TCP 3210; TCP 3310; TCP 4810; TCP 3601,demchdc9snx.dc4ca.siemens.de;demchdc9spx.dc4ca.siemens.de,SPSplus
15993,139.23.84.11,10902,TCP 443; TCP 3202; TCP 3302; TCP 4802; TCP 3601,demchdc9shx.dc4ca.siemens.de;demchdc9sjx.dc4ca.siemens.de,SPSplus
15081,158.226.188.241,5288,TCP 443; TCP 3613; TCP 3663,sn1w2004.ad001.siemens.net,READSOFT
15082,158.226.188.234,5288,TCP 443; TCP 3616; TCP 3666,sn1w6705.ad001.siemens.net,READSOFT
15083,158.226.135.13,5288,TCP 1100; TCP 1433; TCP 3389; TCP 3613; TCP 3616; TCP 3663; TCP 3666; TCP 135,atvies992f2web.ad001.siemens.net,READSOFT
20043,139.23.28.18,12366,TCP 44300,,SAP AP9
15088,136.157.212.208,5362,TCP 27015,camiss0130asrv.ad001.siemens.net,Rockwell Studio 5000 (Professional Edition)
15098,139.23.28.48,5398,TCP443; TCP 8001; TCP 8105; TCP 8094; TCP 9166; TCP 44375,p4p-app2.siemens.com,SAP PI P4P
16162,146.253.34.37,13269,TCP 1433; TCP 1434,sn1d3906.ad001.siemens.net,QMS - Powder test application
15349,139.21.170.106,6470,TCP 6201; TCP 6202,sn1d6004.ad001.siemens.net,SIPS+
15133,139.21.152.75,5664,TCP 46796,sn1d3814.ad001.siemens.net  (host for USPVDBP - RECEIVER),PCM Interface
15156,139.21.170.215,5197,TCP 8080; TCP 443; TCP 636,sn1w2103.ad001.siemens.net,SecureProvisioning
15161,139.23.19.171,5175,TCP 447,workspace.c6.siemens.com,Secure SharePoint in EAGLE
15162,139.23.19.177,5175,TCP 448,workspace.c7.siemens.com,Secure SharePoint in EAGLE
15163,139.23.19.178,5175,TCP 449,workspace.c8.siemens.com,Secure SharePoint in EAGLE
15164,139.23.19.180,5175,TCP 450,workspace-secure.it.siemens.com,Secure SharePoint in EAGLE
15165,139.25.234.70,5175,TCP 451,adfs.it.siemens.com,Secure SharePoint in EAGLE
15166,139.23.19.38,5175,TCP 453,workspace-q.c5.siemens.com,Secure SharePoint in EAGLE
15167,139.23.19.35,5175,TCP 454,workspace-q.c6.siemens.com,Secure SharePoint in EAGLE
15168,139.23.19.37,5175,TCP 443; TCP 455,application-q.it.siemens.com,Secure SharePoint in EAGLE
15863,163.242.209.186,9617,TCP 1433; UDP 1434; TCP 443; TCP 4022,hubudk99a77srv.ad001.siemens.net,Kardex Powerpick
15175,139.21.188.23,5133,TCP 443; TCP 50001,setp-osi.siemens-energy.com,Siemens Energy Tracability Portal - OSP
15177,139.21.188.24,5133,TCP 443; TCP 50004; TCP 50012; TCP 50013; TCP 50021,setp-os2.siemens-energy.com,Siemens Energy Tracability Portal - OSP
15179,139.21.188.62,5133,TCP 443; TCP 3391,Terminal Server,Siemens Energy Tracability Portal - OSP
15183,158.226.128.12,5099,TCP 52000,http://atvies26sx.sie.siemens.at:52000/XMII/Menu.jsp,SAP:MII / MPM 
15184,158.226.128.10,5099,TCP 51400,http://atvies26rx.sie.siemens.at:51400/XMII/Menu.jsp,SAP:MII / MEM 
15190,146.253.77.154,5005,TCP 443; TCP 1433; TCP 1434,sefsps99sq2srv.ad001.siemens.net,LCMS
16194,129.214.226.157,13667,TCP 3389; TCP 6201,sn1d1298.ad001.siemens.net,Op Center EX (Simatic IT MES)
15206,129.73.158.17,4879,TCP 6201; TCP 443,sn1d4712.ad001.siemens.net,KRONOS (AGT)
18249,157.163.141.138,7423,TCP 9000,,PSDI
19171,139.16.254.88,6797,TCP 433,simpledo.siemens.it,SIMPLEDO
18941,139.25.98.171,5164,TCP 139; TCP 445,,SAP_PTG
15224,139.23.157.15,6180,TCP 445; TCP 64782; TCP 61234; TCP 57090,denbgat9w48srv.ad001.siemens.net,TurboSEL (GP O&G)
19212,139.23.11.249,2250,TCP 1100; TCP 443,internal-archive-ft.siemens.com,Saperion Internal Archive 
19176,139.23.85.150,2159,TCP 443; TCP 1100,demchdc9qnx.dc4ca.siemens.de,ERP RLP
15272,139.21.170.81,5710,TCP 80; TCP 443; TCP 3389; TCP 8080,sn1pmc15.ad001.siemens.net,Procurement and Purchasing Tools
15268,139.23.156.21,5710,TCP 80; TCP 443; TCP 3389,sn1pmc11.ad001.siemens.net,Procurement and Purchasing Tools
17267,139.23.171.229,7241,TCP 35415,sapha158.os.fth.sbs.de,IPPT Integrated Project planning Tool
17268,139.23.231.229,7241,TCP 9052,es-bwq.eps.siemens.com,IPPT Integrated Project planning Tool
19707,139.23.171.244,99995,TCP 35215,pkgbwq4d.os.fth.sbs.de ,SAP
17273,157.163.133.132,7241,TCP 9076,defthwa96r4.os.fth.sbs.de,IPPT Integrated Project planning Tool
17274,157.163.133.137,7241,TCP 37615,defthwa9qz2.os.fth.sbs.de,IPPT Integrated Project planning Tool
15290,139.23.160.125,5835,TCP 443; TCP 82; TCP 3389; UDP 3389; TCP 8080; TCP 8443; TCP 6201,defthw99m5lsrv.ad001.siemens.net,pgEnsure
15295,209.243.232.100,5835,TCP 443; TCP 82; TCP 3389; UDP 3389; TCP 8080; TCP 8443; TCP 1433,usrur00001bsrv.ad001.siemens.net,pgEnsure
15292,139.21.170.17,5835,TCP 443; TCP 82; TCP 3389; UDP 3389; TCP 6201,sn1d9208.ad001.siemens.net,pgEnsure
15293,139.21.170.16,5835,TCP 443; TCP 82; TCP 3389; UDP 3389; TCP 8080; TCP 8443,sn1pge01.ad001.siemens.net,pgEnsure
15301,139.22.207.13,6305,TCP 3259,vke.sfs.siemens.de,SinsTRA [SFS]
20045,129.214.83.32,,TCP 3205,,SAP Legacy
17876,139.22.248.135,9730,TCP 80; TCP 443 ; TCP 44315; TCP 6201; TCP 139; TCP 445,dedbgr99y15srv.ad001.siemens.net,TOAST
15319,146.253.34.45,6334,TCP 27101,sn1fcm01.ad101.siemens-energy.net            ,Tecplot
15350,139.21.170.106,6470,TCP 6889 - 6899,sn1d6004.ad001.siemens.net,SIPS+
15351,139.21.170.106,6470,TCP 6798,sn1d6004.ad001.siemens.net,SIPS+
15352,139.21.170.106,6470,TCP 6898; TCP 6899,sn1d6004.ad001.siemens.net,SIPS+
15353,139.21.170.106,6470,TCP 8979,sn1d6004.ad001.siemens.net,SIPS+
15355,139.21.170.183,6470,TCP 6760; TCP 3004; TCP 3005; TCP 4000-4009; TCP 4010-4019,sn1w8702.ad001.siemens.net,SIPS+
15356,139.21.152.18,6470,TCP 6201; TCP 6202; TCP 6889-6899; TCP 6798; TCP 8979,sn1d2308.ad001.siemens.net,SIPS+
15358,139.21.152.19,6470,TCP 6760; TCP 4010-4019; TCP 4000-4009; TCP 3004; TCP 3005,sn1w4908.ad001.siemens.net,SIPS+
15359,139.25.208.11,6470,TCP 25; TCP 465; TCP 587,mail.siemens.de,SIPS+
19574,139.25.129.54,6532,TCP 443; TCP 8337,tableau-rt.siemens.com,Tableau
15376,147.54.168.95,6569,TCP 443; TCP 8082,http://blnh301a:8082/default.aspx,Siewert-Tool
15377,139.23.28.33,1416,"TCP 3202, TCP 4802, TCP 44302",demchdc8vvx.dc4ca.siemens.de ,SAP MDG M4P FocuS/4
15384,139.24.199.26,6595,TCP 52155,hgha298a.AD001.SIEMENS.NET  (CN);CNHGH02V46.ad001.siemens.net,Sigraph ET
15383,147.54.155.190,6595,TCP 10211; TCP 52155,SN1SWP01.AD001.SIEMENS.NET,Sigraph ET
15385,58.102.106.136,6610,TCP 1433; TCP 80,KRSELC001SRV,Smartbill
17266,139.23.231.228,7241,TCP 9054,es-bwd.eps.siemens.com,IPPT Integrated Project planning Tool
20126,139.23.24.198,4555,TCP 1522,,APPSP for Oracle
15849,139.25.19.137,9481,TCP 9443,siestaupdate.cert.siemens.com,SiESTA-Update Server
15427,139.23.157.173,7493,TCP 80; TCP 443; TCP 445,defthw99y75srv.ad001.siemens.net,MCIS - BDE for SDO - Test
19549,146.254.217.137,4471,TCP 8080,Archiving server;sn1w4706.ad901.siemens.net,Opentext [AM] Non-PROD
15422,139.24.234.72,7289,TCP 43925,cnsha08072.ad001.siemens.net,OOCT
15434,139.23.160.102,7306,TCP 2905; UDP 2905; TCP 8212; TCP 8213; TCP 2904; UDP 2904; TCP 8210; TCP 8211; TCP 443,defthw99wmzsrv.ad001.siemens.net,Mis+
15440,144.145.46.34,7559,TCP 1433; UDP 1434,DEBBGN3D2A.ad001.siemens.net,Plop (WiXI)
15441,157.163.86.109,7606,TCP 38081,sap01279.os.fth.sbs.de,Agile WEB Service (High Voltage)
15443,157.163.86.109,7607,TCP 38082,sap01279.os.fth.sbs.de,Agile WEB Service (Transformers)
15560,10.141.183.157,7423,TCP 1523,,PSDI
15561,10.141.183.41,7423,TCP 1524,,PSDI
15562,10.141.183.42,7423,TCP 1525,,PSDI
15563,10.141.183.43,7423,TCP 1526,,PSDI
19968,139.21.170.230,17267,TCP 1527,sn1ips03.ad001.siemens.net ,DPMA Server
15565,10.141.183.45,7423,TCP 1528,,PSDI
15566,10.141.183.46,7423,TCP 1529,,PSDI
15567,10.141.183.47,7423,TCP 1530,,PSDI
15568,10.141.183.48,7423,TCP 1531,,PSDI
15569,10.141.183.49,7423,TCP 1532,,PSDI
15570,10.141.183.5,7423,TCP 1533,,PSDI
15571,10.141.183.50,7423,TCP 1534,,PSDI
15572,10.141.183.51,7423,TCP 1535,,PSDI
15573,10.141.183.6,7423,TCP 1536,,PSDI
15574,10.141.183.7,7423,TCP 1537,,PSDI
15575,10.141.183.8,7423,TCP 1538,,PSDI
15576,10.225.128.71,7423,TCP 8011; TCP  443; TCP 8000-8099,,PSDI
18148,139.21.144.8,7423,TCP 8410,,PSDI
15583,139.21.161.197,7423,TCP 1100; TCP 8120,,PSDI
15584,139.21.161.204,7423,TCP 1100; TCP 8105,,PSDI
18154,139.21.161.228,7423,TCP 44378,,PSDI
19358,139.25.178.235,3434,TCP 443; TCP 444,finavigate.sfs.siemens.com,finavigate®
15590,139.22.180.142,7423,TCP 4800; TCP  8443; TCP  9000,,PSDI
18181,139.22.192.179,7423,TCP 5209,,PSDI
15592,139.22.192.179,7423,TCP 1100; TCP 5209,,PSDI
18183,139.22.207.100,7423,TCP 44473,,PSDI
18196,139.23.155.133,7423,TCP 4800,,PSDI
15595,139.22.21.104,7423,TCP 1100; TCP 4803,,PSDI
15597,139.22.21.109,7423,TCP 1100; TCP 4800; TCP 8055,,PSDI
20091,139.25.231.85,3056,TCP 1100,eas-saperion.siemens.com,Energy Archiving Service
15610,139.23.155.133,7423,TCP 4800; TCP 9500,,PSDI
18200,139.23.155.151,7423,TCP 4842,,PSDI
15612,139.23.155.151,7423,TCP 4842; TCP 9542,,PSDI
18203,139.23.161.106,7423,TCP 9084,,PSDI
15614,139.23.161.107,7423,TCP 1100; TCP 4884; TCP 8443; TCP 9584; TCP 9584,,PSDI
18209,139.23.161.113,7423,TCP 1090,,PSDI
15616,139.23.161.115,7423,TCP 1100; TCP 4884; TCP 4894; TCP 8443; TCP 9584; TCP 9584,,PSDI
15617,139.23.161.71,7423,TCP 4846; TCP 8146; TCP 4840; TCP 8443,,PSDI
18225,139.23.212.198,7423,TCP 8094,,PSDI
18226,139.23.212.200,7423,TCP 8090,,PSDI
18227,139.23.218.35,7423,TCP 9080,,PSDI
15621,139.25.178.235,7423,TCP 443; TCP 9400,,PSDI
18232,140.231.80.82,7423,TCP 8011,,PSDI
18234,146.254.217.144,7423,TCP 44350,,PSDI
18237,147.54.155.176,7423,TCP 9125,,PSDI
18239,157.163.120.23,7423,TCP 4858,,PSDI
15627,157.163.134.237,7423,TCP 4810;  TCP 4858,sap03872.os.fth.sbs.de,PSDI
18243,157.163.138.100,7423,TCP 4830,,PSDI
18246,157.163.138.76,7423,TCP 4820,,PSDI
15630,157.163.138.76,7423,TCP 4810; TCP 4820,,PSDI
15635,158.226.14.103,2270,TCP 80;TCP 443; TCP 8866; TCP 8966; TCP 9166,spiridon-cee.sie.siemens.at ,SAP: GP1 (PROD)
15636,158.226.14.111,2270,TCP 3263;TCP 3363;TCP 3663;TCP 4863;TCP 8363;TCP 80;TCP 443;TCP   8863;TCP 8963;TCP 9163,atvies1zzx.sie.siemens.at,SAP: GA1 (QAS)
18252,157.163.142.80,7423,TCP 4844,,PSDI
18258,158.226.135.193,7423,TCP 1443,,PSDI
15642,158.226.14.103,7423,TCP 4866; TCP 9166,,PSDI
15643,158.226.14.111,7423,TCP 4863; TCP9163,,PSDI
18263,158.226.21.39,7423,TCP 9116,,PSDI
18264,158.226.21.58,7423,TCP 9113,,PSDI
18290,146.253.92.97,13286,TCP 443; TCP 80; TCP 8443,sefsps9900vsrv.ad101.siemens-energy.net ,Notices
20013,139.24.236.186,,TCP 8001,http://cnpek01077.ad001.siemens.net:8001/,Apply Spiridon temporary password
15649,157.163.86.109,7662,TCP 38083,sap01279.os.fth.sbs.de,SOS Webapplication
15711,132.186.61.208,7881,TCP 2080; TCP 27000,inggnm7vp0107x;ALIAS: lic-adsk-ind01.siemens-energy.com,AutoCAD inventor
15714,129.103.99.137,8293,UDP 135-139; TCP 135-139; UDP 445; TCP 445,\\ad001.siemens.net\dfs001\File\ENERGY_PS_CD_BA_BC,GWB
18740,139.21.188.198,8207,TCP  3206; TCP  3306,intranet.webdav.energy.siemens.com,Bidmanagement Information Base (BIB)
15756,132.186.58.30,8520,TCP 8080; TCP 8081,inkeo08772wspr.ad001.siemens.net,Earn+
18735,139.21.170.149,8963,TCP 1433; TCP 4022; TCP 135; TCP 1434; UDP 1434,sn1d7505.ad001.siemens.net,MasterTool
15766,158.226.103.11,8964,TCP 57353; TCP 5606; TCP 5607; TCP 1433; TCP 1020; TCP 4084; TCP 4085,atlnzk99201srv.ad001.siemens.com,Enovia SmarTeam 
15871,163.242.209.177,9644,TCP 1433; UDP 1434; TCP 4022; TCP 443,HUBUDK99A84SRV;HUBUDK99A80SQL,Starrag RCS
15830,141.73.21.209,9383,TCP 443; TCP 8080; TCP 80; TCP 1433; TCP 945,dekhes7lws1a.ad001.siemens.net,Technical News
15831,139.25.19.54,9410,TCP 22350,DEMCHADC03A.ad001.siemens.net,CodeMeter
15832,139.25.19.54,9410,UDP 22350,DEMCHADC03A.ad001.siemens.net,CodeMeter
15833,139.25.19.54,9410,TCP 22351,DEMCHADC03A.ad001.siemens.net,CodeMeter
15941,149.246.190.132,10566,TCP 3050,dedbgr99nzesrv.ad001.siemens.net,Van [O&G DBG]
15858,141.29.105.182,9605,TCP 443; TCP 19001; TCP 19002; TCP 19003; TCP 19004; TCP 19005; TCP 19006; TCP 31000; TCP 31001; TCP 31002; TCP 32000; TCP 32001; TCP 32002; TCP 60000; TCP 60001; TCP 60002,sn1mes04.ad101.siemens-energy.net,PSI MES - Budapest MFH
15872,158.226.134.214,9648,TCP 4330,atvie99900psrv.ad001.siemens.net,Cimco
15873,158.226.134.214,9649,TCP 445; TCP 3389; TCP 4430; TCP 49000-65000,atvie99900psrv.ad001.siemens.net,Cimco CMD-MAX
15875,141.29.254.151,9968,TCP 8080; TCP 6020; TCP 1433,ittiega03srv.ad0001.siemens.net,Opera 6.6
15876,141.29.254.151,9969,TCP 15000; TCP 6001; TCP 6002; TCP 6003,ittiega03srv.ad0001.siemens.net,Cyberplan
15879,141.29.254.151,9974,TCP 54040,ittiega03srv.ad0001.siemens.net,Prometeo
15931,136.157.165.22,10467,TCP 443; TCP 809; TCP 810,ILQyt9905srv.ad001.siemens.net,Tecdocpower WOPI SUGAT
16134,209.243.214.238,12838,TCP 3998                            ,s1nsn129.ad001.siemens.net,OpenPlant
15954,132.186.119.43,10584,TCP 5800,inggnm7oibu.ad001.siemens.net,Bentley ProjectWise
16029,139.10.137.245,11117,TCP 443; TCP 1099,nlztws99804srv.ad001.siemens.net,BusinessPartnerService' Servoy Support
16043,161.218.81.10,11362,TCP 80 ; TCP 8080; TCP 8081; TCP404; TCP 1433; TCP 19000-19005; TCP 60000 -60020,uslzua4009nsrv.ad001.siemens.net,PSI MES - Charlottesville MHG
16047,139.21.25.127,11418,TCP 443;TCP4444,\\ww002.siemens.net\dfs87\MyIT\SE_FEBD\FEBDOK\Program,FebDOK
16056,139.21.146.44,11524,TCP 61814; TCP 5086; TCP 59440; TCP 443,SN10T101.AD001.SIEMENS.NET,OMNITRACKER
16057,132.186.61.209,11542,TCP 28000; TCP 28001,lic-splm-wan01.siemens-energy.com,NX Mach 3 Product Design
16066,10.220.11.143,11949,TCP 27003; TCP 27004,lic-math-ger01.siemens-energy.com              ,MATLAB            
16070,149.212.124.204,12653,UDP: 30464; TCP 21; TCP 22; TCP 80; TCP 1433; TCP 8080;  TCP 9999,sn1trd01.ad001.siemens.net,WinTid
16074,149.212.124.19,12653,UDP: 30464; TCP 21; TCP 22; TCP 80; TCP 8080;  TCP 9999,no-trd-benzing-05.ww002.siemens.net,WinTid
16080,141.73.21.220,12688,TCP 80; TCP 443; TCP 81; TCP 7443; TCP 8443; TCP 945,dekhes7ltsta.ad001.siemens.net,Tool Portal
16082,141.73.21.209,12688,TCP 6443; TCP 8000,dekhes7lws1a.ad001.siemens.net,Tool Portal/LRT3
16138,129.73.168.92,12850,TCP 475,usorla7sp101w.ad001.siemens.net,''APPLIED FLOW TECHNOLOGY CORP - AFT'' 
16158,129.214.226.204,13266,TCP 3389; TCP 80; TCP 443,sn1w4109.ad001.siemens.net,Workload [BRA]
16195,129.214.226.218,13667,TCP 3389; TCP 6202,sn1d9608.ad001.siemens.net,Op Center EX (Simatic IT MES)
16167,10.225.128.109,13413,TCP 8079; TCP 12079,intranet.nexus3.siemens-energy.com;nexusqa.siemens-energy.com,Nexus Siemens Energy [CN]
16168,18.230.86.137,13417,TCP 11026,envisia.guascor.com.br;synccgp.clxvzreqlpmw.sa-east-1.rds.amazonaws.com,Envisia Guascor
16193,129.214.226.217,13667,TCP 3389; TCP 25672; TCP 4369; TCP 15672; TCP 5672; TCP 15672; TCP 80; TCP 443; TCP 4002; TCP 139; TCP 445; TCP 28000; TCP 8888; TCP 4369; TCP 5671; TCP 5672; TCP 25672; TCP 15672; TCP 1234; TCP 1235; TCP 5002; TCP 13011; TCP 5002; TCP 5100; TCP 4999; TCP 4777; TCP 13011; TCP 102; UDP 60601; UDP 60600; TCP 48010,sn1w0414.ad001.siemens.net,Op Center EX (Simatic IT MES)
16199,129.73.171.37,11950,TCP 1055; TCP 1056; TCP 2325,lic-ansy-usa01.siemens-energy.com               ,ANSYS
18782,146.253.76.21,11957,TCP  5053; TCP  5054; TCP  35067,sefsps1ajx.ww007.siemens.net,FRANC3D
16219,149.246.173.39,12005,TCP 7050-7053,derckm99004srv.ad001.siemens.net,NAPA Lohn-EDS
19698,146.254.141.146,1645,UDP 137; UDP 138; TCP 139; TCP 445,DEFTHWA004GSRV.ad001.siemens.net,SIPORT
16252,10.225.128.92,12204,TCP 8080; TCP 443,cnpek0174d.ad101.siemens-energy.net,Saperion Archive Energy China
16266,146.253.34.61,12645,TCP 5432; TCP 443; TCP 4720; TCP 4730; TCP 4735; TCP 4747; TCP 4750; TCP 4780; TCP 4799; TCP 9200; TCP 14720; TCP 14720,SN1QVP01,QlikView publisher
16267,146.253.34.58,12645,TCP 80; TCP 443; TCP 4730; TCP 4735; TCP 4747; TCP 4749; TCP 4750; TCP 4774; TCP 14730; TCP 14747; TCP 14750,SN1QVS01,QlikView server
16272,149.212.124.16,12647,TCP 80; TCP 81; TCP 8080; TCP 9090,no-megalift4.ww002.siemens.net,Kardex PPG (PowerPick Global)
16275,10.220.6.26,12649,TCP 80; TCP 443; TCP 8443; TCP 8444; TCP 8080; TCP 389; UDP 389; TCP 636; TCP 25; UDP 162; UDP 514,demlhx7vp1121w.ad001.siemens.net,PRTG
16276,149.246.98.100,12649,TCP 23560; TCP 443; TCP 8080; TCP 143; TCP 993; TCP 389; UDP 389; TCP 636; TCP 1433; TCP 3306; TCP 1521; TCP 110; TCP 995; TCP 5432; TCP 25; TCP 465; TCP 587; UDP 161; UDP 162; TCP 22; UDP 514; TCP 5988; TCP 5989; TCP 135; TCP 49152-65535; TCP 1024-5000,demlhw7sp104w.ad001.siemens.net,PRTG
16280,129.73.168.93,12649,TCP 23560; TCP 443; TCP 8443; TCP 8080; TCP 143; TCP 993; TCP 389; UDP 389; TCP 636; TCP 1433; TCP 3306; TCP 1521; TCP 110; TCP 995; TCP 5432; TCP 25; TCP 465; TCP 587; UDP 161; UDP 162; TCP 22; UDP 514; TCP 5988; TCP 5989; TCP 135; TCP 49152-65535; TCP 1024-5000,usorla7sp102w.ad001.siemens.net,PRTG
16294,129.73.188.69,12649,TCP 135,usorla400avtss.ad001.siemens.net,PRTG
16295,139.23.160.218,46,TCP 1433; TCP 8192,oslo-test.energy.siemens.com;oslo.energy.siemens.com,OsLo
16297,139.23.157.218,46,TCP 8443; TCP 8192;TCP 8444;TCP 3389,oslo-test.siemens-energy.com,OsLo
16340,139.25.233.182,2174,TCP 4420;TCP 1433,demchdc9xaa.ad007.siemens.net;demchdc9x7a.ad007.siemens.net;demchdc9x8a.ad007.siemens.net;demchdc9x9a.ad007.siemens.net;demchdc844a.ad007.siemens.net;demchdc845a.ad007.siemens.net;demchdc9mqa.ad007.siemens.net;demchdc9p1a.ad007.siemens.net;demchdc9msa.ad007.siemens.net,iTWO - Project Offer Calculation Tool
16947,147.54.168.15,4439,TCP 80; TCP 1443; TCP 6221;TCP 443; TCP 8080; TCP 6201; TCP 1443; TCP 1433; TCP 445; TCP 3389; TCP 3300; TCP 3342; TCP 21; TCP 1433; TCP 4022; TCP 135; TCP 139; TCP 1434; TCP 2382; TCP 2383; UDP 137; UDP 138; UDP 500; UDP 1434; UDP 4500,blnh355a.ad001.siemens.net,Messdatenbank
16371,140.231.107.71,2359,TCP 7777;TCP 7575,https://sgsgpm071srv.ad001.siemens.net,CMS [GP O&G GS EHM]
17017,147.54.168.95,5049,TCP 80; TCP 443; TCP 8080; TCP 6201; TCP 1443; TCP 1433; TCP 445; TCP 3389; TCP 3300; TCP 3342;TCP 21; TCP 1433; TCP 4022; TCP 135; TCP 139; TCP 1434; TCP 2382; TCP 2383; UDP 137; UDP 138; UDP 500; UDP 1434; UDP 4500,blnh301a.ad001.siemens.net,Induso Fludis Kühlschmierstoff Verwaltung
16388,147.54.168.123,2527,TCP 4440; UDP4441; TCP 80; TCP 443; TCP 8080; TCP 6201; TCP 1443; TCP 1433; TCP 445; TCP 3389; TCP 3300; TCP 3342; TCP 21; TCP 1433; TCP 4022; TCP 135; TCP 139; TCP 1434; TCP 2382; TCP 2383; UDP 137; UDP 138; UDP 500; UDP 1434; UDP 4500,sn1tdm03.ad001.siemens.net,CIMCO Edit V5
18123,139.23.95.102,3869,TCP 4879,adp.siemens.net,CTM ABAP (Development)
16405,139.23.95.102,2819,TCP 3379,adp.siemens.net,ADP
17441,163.242.203.29,10783,TCP 443; TCP 1408,cimw5.siemens.ru,Travel Management (RU)
16408,163.242.203.42,2887,TCP 443; TCP 52101,jcmwk.siemens.ru,SAP HR (MW5) [RCA] + ESS/MSS MWK myHR portal
19037,163.242.203.29,2887,TCP 1408,cimw5.siemens.ru,SAP HR (MW5) [RCA] + ESS/MSS MWK myHR portal
16410,163.242.203.42,2887,TCP 52101,jcmwk.ww600.siemens.net,SAP HR (MW5) [RCA] + ESS/MSS MWK myHR portal
16427,147.54.135.100,2991,TCP 445; TCP 3737; TCP 80; TCP 443; TCP 8080; TCP 6201; TCP 1443; TCP 1433; TCP 445; TCP 3389; TCP 3300; TCP 3342; TCP 21; TCP 1433; TCP 4022; TCP 135; TCP 139; TCP 1434; TCP 2382; TCP 2383; UDP 137; UDP 138; UDP 500; UDP 1434; UDP 4500,stage-mfg-infogate.siemens.net,ELVis [BLN]
16473,129.73.148.142,1151,TCP 10123;TCP 443;TCP 80;UDP 10123;UDP 443,USMIFADS24A.ad001.siemens.net,Microsoft System Center Configuration Manager
16477,139.23.21.170,1151,TCP 8530;TCP 8531;TCP 443;TCP 80;UDP 8530;UDP 8531;UDP 443,DEMCHADS32A.ad001.siemens.net,Microsoft System Center Configuration Manager
16481,140.231.41.38,1151,UDP 34545;UDP 34322;UDP 34323;UDP 34331;UDP 34333;UDP 34339;UDP 34341;UDP 34324;UDP 34325;UDP 34335;UDP 34337;UDP 34343;UDP 34750;UDP 34546,SGSGPADS20A.AD001.SIEMENS.NET,Microsoft System Center Configuration Manager
16482,140.231.107.73,1209,TCP 57742,http://SGSGPM073SRV.ad001.siemens.net,MS SQL (GP O&G GS EHM)
16489,157.163.179.55,1302,TCP 3300; TCP 3200,https://hmlg.siemens.com.br/Lysi/Home,Lysi
16490,146.254.217.144,1302,TCP 3250; TCP 3251;TCP 3252;TCP 3253; TCP 3254; TCP 3350; TCP 3351;TCP 3352;TCP 3353; TCP 3354,https://prod.siemens.com.br/Lysi/Home,Lysi
16491,146.254.217.144,2018,TCP 3650,sn1s2501.dc.siemens.net,Spiridon BR1 [BRA] PROD
16524,157.163.141.136,1979,TCP 31016;TCP 31015;TCP 51014;TCP 51013,sap03933.os.fth.sbs.de,SAP ERP PT2
16527,147.54.168.15,3202,TCP 445;TCP 80;TCP 443;TCP 8080;TCP 6201;TCP 1443;TCP 1433;TCP 3389;TCP 3300;TCP 3342;TCP 21;TCP 1433;TCP 4022;TCP 135;TCP 139;TCP 1434;TCP 2382;TCP 2383;UDP 137;UDP 138;UDP 500;UDP 1434;UDP 4500,BLNH355A.ad001.siemens.net,GIS-H
16568,147.54.45.127,3266,TCP 3389; UDP 3389; TCP 445; TCP 3342; TCP 3300;TCP 80;TCP 443;TCP 8080;TCP 6201;TCP 1443;TCP 1433;TCP 445;TCP 3389;TCP 3300;TCP 3342;TCP 21;TCP 1433;TCP 4022;TCP 135;TCP 139;TCP 1434;TCP 2382;TCP 2383; UDP 137;UDP 138;UDP 500;UDP 1434;UDP 4500,DEBLNRO0009SRV;sn1d9907.ad101.siemens-energy.net;sn1d2617.AD901.siemens.net;sn1fac02.AD901.siemens.net,Facton EPC
16589,139.10.144.55,3444,TCP 1433; UDP 1434; TCP 135; TCP 445; UDP 445; TCP 137; UDP 137; TCP 139; UDP 138; TCP 27005; TCP 10001,FRGNBN1023ASRV.AD001.SIEMENS.NET,ENGINEERING BASE (EM-FR)
16599,139.10.11.106,3550,TCP 10001,frlehc31w106srv.ad001.siemens.net,FLEXLM EB (EM-FR)
16645,140.231.107.71,4033,TCP 666;TCP 9300;TCP 9309,https://sgsgpm071srv.ad001.siemens.net,DMS [GP O&G GS EHM]
16647,139.25.122.137,4046,TCP 3200;TCP 4800;TCP 8400,demchdc95vx.dc4ca.siemens.de,Corporate Master Data Management (CMD)
16908,10.222.111.115,4143,TCP 445; TCP 135; UDP 135; UDP 137; UDP 138; TCP 139,VECCS010011DAT.ad101.siemens-energy.net,Migration Portal for NGFS
17091,147.54.168.123,5678,TCP 1433; TCP 80; TCP 443; TCP 8080; TCP 6201; TCP 1443; TCP 1433; TCP 445; TCP 3389; TCP 3300; TCP 3342;TCP 21; TCP 1433; TCP 4022; TCP 135; TCP 139; TCP 1434; TCP 2382; TCP 2383; UDP 137; UDP 138; UDP 500; UDP 1434; UDP 4500,sn1tdm03.ad001.siemens.net,PCNCProg
16917,147.54.168.95,4151,TCP 80; TCP 443; TCP 445; TCP 1443; TCP 8080; TCP 6201; TCP 1443; TCP 1433; TCP 445; TCP 3389; TCP 3300; TCP 3342;TCP 21; TCP 1433; TCP 4022; TCP 135; TCP 139; TCP 1434; TCP 2382; TCP 2383;UDP 137;UDP 138; UDP 500; UDP 1434; UDP 4500,blnh301a.ad001.siemens.net,NCC Analysetool
16918,147.54.168.15,4151,TCP 80; TCP 443;TCP 445;TCP 1443;TCP 8080;TCP 6201;TCP 1443;TCP 1433; TCP 445;TCP 3389;TCP 3300;TCP 3342;TCP 21;TCP 1433;TCP 4022;TCP 135;TCP 139;TCP 1434;TCP 2382;TCP 2383; UDP 137;UDP  38; UDP 500; UDP 1434; UDP 4500,blnh355a.ad001.siemens.net,NCC Analysetool
16920,147.54.155.167,4151,TCP 80; TCP 443; TCP 445; TCP 1443;  TCP 6221;TCP 8080; TCP 6201; TCP 1443; TCP 1433; TCP 445; TCP 3389; TCP 3300; TCP 3342; TCP 21; TCP 1433; TCP 4022; TCP 135; TCP 139; TCP 1434; TCP 2382; TCP 2383; UDP 137; UDP 138; UDP 500; UDP 1434; UDP 4500,sn1d9707.ad001.siemens.net,NCC Analysetool
16934,147.54.175.22,4301,TCP 80; TCP 443; TCP 445; TCP 80; TCP 443; TCP 8080; TCP 6201; TCP 1443; TCP 1433; TCP 445; TCP 3389; TCP 3300; TCP 3342;TCP 21; TCP 1433; TCP 4022; TCP 135; TCP 139; TCP 1434; TCP 2382; TCP 2383; UDP 137; UDP 138; UDP 500; UDP 1434; UDP 4500,blnh301a.ad001.siemens.net;blnh355a.ad001.siemens.net;deblnh99db1srv.ad001.siemens.net,OM Monitor
16935,139.23.157.196,4344,TCP 80; TCP 443; TCP 8080; TCP 6201; TCP 1443; TCP 1433; TCP 445; TCP 3389; TCP 3300; TCP 3342,DEFTHW99Y8RSRV.ad001.siemens.net,Modulex
16939,147.54.155.145,4437,TCP 80; TCP 8080; TCP 8081;TCP 443; TCP 1433; TCP 6201; TCP 1443; TCP 445; TCP 3389; TCP 3300; TCP 3342; TCP 19001; TCP 19002; TCP 19003;TCP 21; TCP 4022; TCP 135; TCP 139; TCP 1434; TCP 2382; TCP 2383; UDP 137; UDP 138; UDP 500; UDP 1434; UDP 4500,sn1psi01.ad001.siemens.net,MES TBV Berlin
16940,147.54.155.148,4437,TCP 80; TCP 8080; TCP 8081;TCP 443;TCP 6201; TCP 1433; TCP 1443; TCP 445; TCP 3389; TCP 3300; TCP 3342; TCP 9090; TCP 19001; TCP 19002; TCP 19003; TCP 60001; TCP 60002; TCP 60003;TCP 21; TCP 4022; TCP 135; TCP 139; TCP 1434; TCP 2382; TCP 2383; UDP 137; UDP 138; UDP 500; UDP 1434; UDP 4500,sn1psi02.ad001.siemens.net,MES TBV Berlin
16945,147.54.155.158,4437,TCP 80; TCP 8080; TCP 8081;TCP 443;TCP 6201; TCP 1433; TCP 1443;TCP 445; TCP 3389; TCP 3300; TCP 3342;TCP 21; TCP 4022; TCP 135; TCP 139; TCP 1434; TCP 2382; TCP 2383; UDP 137; UDP 138; UDP 500; UDP 1434; UDP 4500,sn1d1605.ad001.siemens.net,MES TBV Berlin
16942,147.54.155.151,4437,TCP 80; TCP 8080; TCP 8081;TCP 443;TCP 6201; TCP 1433; TCP 1443;TCP 445; TCP 3389; TCP 3300; TCP 3342; TCP 19008; TCP 19009; TCP 19010; TCP 60000; TCP 60001; TCP 60002; TCP 19005; TCP 19006; TCP 19007;TCP 21; TCP 4022; TCP 135; TCP 139; TCP 1434; TCP 2382; TCP 2383; UDP 137; UDP 138; UDP 500; UDP 1434; UDP 4500,sn1psi04.ad001.siemens.net,MES TBV Berlin
16953,147.54.175.22,4478,TCP 1433; TCP 4022; TCP 135; TCP 1434; UDP 1434; TCP 80; TCP 443; TCP 8080; TCP 6201; TCP 1443; TCP 1433; TCP 445; TCP 3389; TCP 3300; TCP 3342,deblnh99db1srv.ad001.siemens.net,MetroMac CM
16956,147.54.175.22,4480,TCP 1433; TCP 4022; TCP 135; TCP 1434; UDP 1434; TCP 80; TCP 443; TCP 8080; TCP 6201; TCP 1443; TCP 1433; TCP 445; TCP 3389; TCP 3300; TCP 3342;TCP 21; TCP 1433; TCP 4022; TCP 135; TCP 139; TCP 1434; TCP 2382; TCP 2383; UDP 137; UDP 138; UDP 500; UDP 1434; UDP 4500,deblnh99db1srv.ad001.siemens.net,Metrosoft DB
16964,139.23.156.81,4535,TCP 6201;TCP 1433;TCP 443,sn1d3611.ad001.siemens.net;sn1d3913.ad001.siemens.net;sn1w1707.ad001.siemens.net,MI@EM [GP TP DGE]
16987,163.242.182.7,4768,TCP 8060; TCP 8061; TCP 13000; UDP 13000; TCP 13291; TCP 13294; TCP 14000; TCP 13111; UDP 15111; TCP 17000; UDP 15000; UDP 15000; UDP 15001,kaspersky.siemens.ru;kaspersky-ru.siemens.net,Kaspersky Malware Protection
17011,140.231.107.71,4983,TCP 2100;TCP 780;TCP 5551,https://sgsgpm071srv.ad001.siemens.net,IMMTS [GP O&G GS EHM]
17051,140.231.107.71,5388,TCP 9999;TCP 9855;TCP 3032,https://sgsgpm071srv.ad001.siemens.net,RMS [SE O PR ]
20100,161.218.243.226,3779,TCP 8888,,CREO2 
17066,157.163.152.92,5461,TCP 3325;TCP 3225; TCP 1090,SAP01536.os.fth.sbs.de,SAP SolMan SMP
17069,157.163.152.30,5461,TCP 3308;TCP 3208; TCP 1090,sap03464.os.fth.sbs.de,SAP SolMan SMP
17101,149.246.174.51,5683,TCP 443;TCP 515;TCP 8081;TCP 7127;TCP 7125;TCP 3300;TCP 2800-2899;TCP 3200-3299;TCP 3300-3399;TCP 3500-3599;TCP 3600-3699;TCP 4100-4199;TCP 4200-4299;TCP 4300-4399;TCP 4400-4499;TCP 4800-4899;TCP 6100-6199;TCP 6900-6999;TCP 7100-7199;TCP 7200-7299;TCP 8000-8099;TCP 8100-8199;TCP 8400-8499;TCP 9100-9199;TCP 9200-9299,sn1mhl01.ad001.siemens.net,PLOSSYS (PD)
17099,139.21.170.196,5683,TCP 443; TCP 515; TCP 7777; TCP 8081; TCP 7127; TCP 7125;TCP 3300;TCP 2800-2899;TCP 3200-3299;TCP 3300-3399;TCP 3500-3599;TCP 3600-3699;TCP 4100-4199;TCP 4200-4299;TCP 4300-4399;TCP 4400-4499;TCP 4800-4899;TCP 6100-6199;TCP 6900-6999;TCP 7100-7199;TCP 7200-7299;TCP 8000-8099;TCP 8100-8199;TCP 8400-8499;TCP 9100-9199;TCP 9200-9299,sn1bc101.ad001.siemens.net,PLOSSYS (PD)
17102,129.73.188.87,5683,TCP 443;TCP 515;TCP 9131;TCP 2800-2899;TCP 3500-3599;TCP 4100-4299;TCP 3300-3399; TCP 4800-4899;TCP 4400-4499;TCP 6100-6199;TCP 6900-6999;TCP 7100-7299;TCP 8000-8199;TCP 8400-8499;TCP 9100-9199,sn1opp01.ad101.siemens-energy.net,PLOSSYS (PD)
17103,129.73.188.90,5683,TCP 443;TCP 515;TCP 9131;TCP 2800-2899;TCP 3300-3399;TCP 3500-3599;TCP 4100-4299;TCP 3300-3399;TCP 4800-4899;TCP 4400-4499;TCP 6100-6199;TCP 6900-6999;TCP 7100-7299;TCP 8000-8199;TCP 8400-8499;TCP 9100-9199,sn1opp02.ad001.siemens.net,PLOSSYS (PD)
17142,140.231.107.71,5975,TCP 4444;TCP 555;TCP 3000,https://sgsgpm071srv.ad001.siemens.net,WMS [GP O&G GS EHM]
17184,139.22.155.177,6208,TCP 443 and TCP 50001,intranet.ueasy.siemens.net;bkkc273a.ad001.siemens.net,UMT
17185,139.22.155.176,6208,TCP 443 and TCP 50201,bkkc270a.ad001.siemens.net,UMT
17226,146.253.32.12,6748,TCP 4544;TCP 8085;TCP 11321,sn1ppl02.ad001.siemens.net,Teamcenter (SUS)
17228,146.253.32.13,6748,TCP 4544; TCP 8080; TCP 8003; TCP 11320; TCP 28000,sn1pms01;ad001.siemens.net,Teamcenter (SUS)
17235,146.253.32.6,6748,TCP 4544; TCP 8080,sn1str01.ad001.siemens.net,Teamcenter (SUS)
17232,137.223.218.10,6748,TCP 4544,gbultwe9rdasrv.ad001.siemens.net,Teamcenter (SUS)
17233,146.253.32.14,6748,TCP 443; TCP 4544; TCP 8090; TCP 11320;TCP 11321,sn1dev03.ad001.siemens.net,Teamcenter (SUS)
17240,139.25.225.237,6937,TCP 443;TCP 32015,pulse.siemens.cloud,Global BAS Tool
17241,147.54.251.124,6977,TCP 4850; TCP 3050,DELPZK001L1A.siemens-energy.net,InterBase 2009 (GP O&G)
17242,147.54.251.117,7001,TCP 8080; TCP 85; TCP 445,DELPZK001A1A.siemens-energy.net,Inneo Start-Up Tools (GP O&G)
17255,132.186.56.75,7100,TCP 4545,inamdnw075srv.ad001.siemens.net,PDMS Aveva  (GP O&G)
17360,147.54.175.22,8938,TCP 1433; TCP 3389; UDP 3389;TCP 80; TCP 443; TCP 8080; TCP 6201; TCP 1443; TCP 445; TCP 3389; TCP 3300; TCP 3342;TCP 21; TCP 4022; TCP 135; TCP 139; TCP 1434; TCP 2382; TCP 2383; UDP 137; UDP 138; UDP 500; UDP 1434; UDP 4500,deblnh99db1srv.ad001.siemens.net,SCIIL - eLPA
17361,10.99.155.141,8938,TCP 51234; TCP 443; TCP 3389; UDP 3389; TCP 80; TCP 443; TCP 8080; TCP 6201; TCP 1443; TCP 1433; TCP 445; TCP 3389; TCP 3300; TCP 3342;TCP 21; TCP 1433; TCP 4022; TCP 135; TCP 139; TCP 1434; TCP 2382; TCP 2383; UDP 137; UDP 138; UDP 500; UDP 1434; UDP 4500,sn1mes01.ad001.siemens.net,SCIIL - eLPA
17363,147.54.175.22,8938,TCP 1433; TCP 3389; UDP 3389; TCP 80; TCP 443; TCP 8080; TCP 6201; TCP 1443; TCP 445; TCP 3389; TCP 3300; TCP 3342,deblnh99db1srv.ad001.siemens.net,SCIIL - eLPA
17393,149.246.171.157,8930,TCP 1521; TCP 80; TCP 443; TCP 8080; TCP 6201; TCP 1443; TCP 1433; TCP 445; TCP 3389; TCP 3300; TCP 3342,demlhm99ng2srv.ad001.siemens.com,Besucherankündigung@BlnH
17398,139.23.157.218,9404,TCP 8192,DEFTHW99YBSSRV.ad01.siemens.net,pgService
17455,147.54.175.22,11948,TCP 1433; TCP 4022; TCP 135; TCP 1434; UDP 1434; TCP 80; TCP 443; TCP 8080; TCP 6201; TCP 1443; TCP 445; TCP 3389; TCP 3300; TCP 3342;TCP 21; TCP 4022; TCP 135; TCP 139; TCP 2382-2383; UDP 137-138; UDP 500; UDP 4500,deblnh99db1srv.ad001.siemens.net,WM Quartis 
17450,139.21.161.204,11875,TCP3305,pkgvp10d.os.fth.sbs.de,DockPack Compiler
17451,139.21.161.197,11875,TCP3320,denbgat9xah.os.fth.sbs.de,DockPack Compiler
19386,139.25.228.190,2277,TCP 389,al-qa.siemens.net,SCD
19381,139.25.228.183,2277,TCP 80; TCP 443; TCP 447,ch-qa.siemens.com,SCD
17515,139.21.179.118,3258,TCP 445; TCP 20000; TCP 11320; TCP 11321; TCP 42200; TCP 443; TCP 42700; TCP 56665; TCP 22; TCP 9443,DEFTHWA0208SRV.ad001.siemens.net,Globus
17516,139.21.179.111,3258,TCP 445; TCP 20000; TCP 11321; TCP 23000; TCP 42700; TCP 11220; TCP 9443; TCP 28000; TCP 28010,DEFTHWA0200SRV.ad001.siemens.net,Globus
17517,139.21.179.112,3258,TCP 445; TCP 20000; TCP 11321; TCP 23000; TCP 42700; TCP 11220; TCP 25050; TCP 9443; TCP 28000; TCP 28010,DEFTHWA0201SRV.ad001.siemens.net,Globus
17518,139.21.179.116,3258,TCP 445; TCP 20000; TCP 11321; TCP 42700; TCP 9443; TCP 443; TCP 28000; TCP 28010,DEFTHWA0205SRV.ad001.siemens.net,Globus
18455,10.99.154.202,3258,TCP445; TCP 9126; TCP 11321; TCP 42700; TCP 25000; TCP 9443,DEFTHWA0202SRV.ad101.siemens-energy.net,"GloBus (NX, Teamcenter)"
17523,139.21.179.82,3258,TCP 389; TCP 9443; TCP 443; TCP 8643,DEFTHWA0210SRV.ad001.siemens.net ,Globus
17524,139.21.179.80,3258,TCP 12489; TCP 443,DEFTHWA0207SRV.ad001.siemens.net,Globus
17525,139.21.179.117,3258,TCP 445; TCP 20000; TCP 11321; TCP 23010; TCP 23020; TCP 9443; TCP 443; TCP 8983,DEFTHWA0206SRV.ad001.siemens.net,Globus
18454,129.73.244.138,3258,TCP 30000; TCP 445,USPNPCW138SRV.ad001.siemens.net,"GloBus (NX, Teamcenter)"
17551,147.54.175.5,12482,TCP 3389; UDP 3389; TCP 445; TCP 6201; TCP 80; TCP 443; TCP 8080; TCP 6201; TCP 1443; TCP 1433; TCP 445; TCP 3389; TCP 3300; TCP 3342;TCP 21; TCP 1433; TCP 4022; TCP 135; TCP 139; TCP 1434; TCP 2382; TCP 2383; UDP 137; UDP 138; UDP 500; UDP 1434; UDP 4500,DEBLNH99J45SRV.ad001.siemens.net,pgTRACE
17554,147.54.175.22,12562,TCP 135; TCP 445; TCP 1099; TCP 8081; TCP 80; TCP 443; TCP 8080; TCP 6201; TCP 1443; TCP 1433; TCP 445; TCP 3389; TCP 3300; TCP 3342;TCP 21; TCP 1433; TCP 4022; TCP 139; TCP 1434; TCP 2382; TCP 2383; UDP 137; UDP 138; UDP 500; UDP 1434; UDP 4500,deblnh99db1srv.ad001.siemens.net,Imagic IMS
17559,147.54.175.22,12565,TCP 80; TCP 81; TCP 443; TCP 445; TCP 8090; TCP 809; TCP 445; TCP 443; TCP 8080; TCP 6201; TCP 1443; TCP 1433; TCP 445; TCP 3389; TCP 3300; TCP 3342,blnh301a.ad001.siemens.net;blnh355a.ad001.siemens.net;blnh99db1srv.ad001.siemens.net,8D Database
17561,146.253.92.8,12646,TCP 64001; TCP 64002; TCP 64004; TCP 64006; TCP 64003; TCP 64021; TCP 64011; TCP 64012; TCP 64011; TCP 64010,SEFSPS99006SRV.ad101.siemens-energy.net,Versiondog@SLN
17842,157.163.141.170,5141,TCP 80; TCP 443; TCP 1090; TCP 1095; TCP 3245; TCP 3258; TCP 3260; TCP 3345; TCP 3358-3360; TCP 3445; TCP 3458-3460; TCP 3645; TCP 3658; TCP 3660; TCP 4845; TCP 4858; TCP 4860; TCP 8008; TCP 8045; TCP 8050; TCP 8060-8061; TCP 8145; TCP 8150; TCP 8158; TCP 8160-8161; TCP 8245; TCP 8260-8261; TCP 8888-8889; TCP 9045; TCP 9050; TCP 9060-9061; TCP 9145; TCP 9158; TCP 9160-9161; TCP 23001; TCP 53989,sap03037.os.fth.sbs.de ,SAP_KFP: PDM Exchange
17694,157.163.152.237,5140,TCP 80; TCP 443; TCP 1090; TCP 1095; TCP 3245; TCP 3258; TCP 3260; TCP 3345; TCP 3358-3360; TCP 3445; TCP 3458-3460; TCP 3645; TCP 3658; TCP 3660; TCP 4845; TCP 4858; TCP 4860; TCP 8008; TCP 8045; TCP 8050; TCP 8060-8061; TCP 8145; TCP 8150; TCP 8158; TCP 8160-8161; TCP 8245; TCP 8260-8261; TCP 8888-8889; TCP 9045; TCP 9050; TCP 9060-9061; TCP 9145; TCP 9158; TCP 9160-9161; TCP 23001; TCP 53990,sap03872.os.fth.sbs.de ,SAP_KFP: Master Document List - MDL
17695,157.163.152.130,5140,TCP 80; TCP 443; TCP 1090; TCP 1095; TCP 3245; TCP 3258; TCP 3260; TCP 3345; TCP 3358-3360; TCP 3445; TCP 3458-3460; TCP 3645; TCP 3658; TCP 3660; TCP 4845; TCP 4858; TCP 4860; TCP 8008; TCP 8045; TCP 8050; TCP 8060-8061; TCP 8145; TCP 8150; TCP 8158; TCP 8160-8161; TCP 8245; TCP 8260-8261; TCP 8888-8889; TCP 9045; TCP 9050; TCP 9060-9061; TCP 9145; TCP 9158; TCP 9160-9161; TCP 23001; TCP 53991,sap03816.os.fth.sbs.de ,SAP_KFP: Master Document List - MDL
17696,157.163.152.8,5140,TCP 80; TCP 443; TCP 1090; TCP 1095; TCP 3245; TCP 3258; TCP 3260; TCP 3345; TCP 3358-3360; TCP 3445; TCP 3458-3460; TCP 3645; TCP 3658; TCP 3660; TCP 4845; TCP 4858; TCP 4860; TCP 8008; TCP 8045; TCP 8050; TCP 8060-8061; TCP 8145; TCP 8150; TCP 8158; TCP 8160-8161; TCP 8245; TCP 8260-8261; TCP 8888-8889; TCP 9045; TCP 9050; TCP 9060-9061; TCP 9145; TCP 9158; TCP 9160-9161; TCP 23001; TCP 53992,sap03031.os.fth.sbs.de ,SAP_KFP: Master Document List - MDL
17697,157.163.152.226,5140,TCP 80; TCP 443; TCP 1090; TCP 1095; TCP 3245; TCP 3258; TCP 3260; TCP 3345; TCP 3358-3360; TCP 3445; TCP 3458-3460; TCP 3645; TCP 3658; TCP 3660; TCP 4845; TCP 4858; TCP 4860; TCP 8008; TCP 8045; TCP 8050; TCP 8060-8061; TCP 8145; TCP 8150; TCP 8158; TCP 8160-8161; TCP 8245; TCP 8260-8261; TCP 8888-8889; TCP 9045; TCP 9050; TCP 9060-9061; TCP 9145; TCP 9158; TCP 9160-9161; TCP 23001; TCP 53993,sap03874.os.fth.sbs.de ,SAP_KFP: Master Document List - MDL
17698,157.163.152.134,5140,TCP 80; TCP 443; TCP 1090; TCP 1095; TCP 3245; TCP 3258; TCP 3260; TCP 3345; TCP 3358-3360; TCP 3445; TCP 3458-3460; TCP 3645; TCP 3658; TCP 3660; TCP 4845; TCP 4858; TCP 4860; TCP 8008; TCP 8045; TCP 8050; TCP 8060-8061; TCP 8145; TCP 8150; TCP 8158; TCP 8160-8161; TCP 8245; TCP 8260-8261; TCP 8888-8889; TCP 9045; TCP 9050; TCP 9060-9061; TCP 9145; TCP 9158; TCP 9160-9161; TCP 23001; TCP 53994,sap07020.os.fth.sbs.de ,SAP_KFP: Master Document List - MDL
17699,157.163.152.139,5140,TCP 80; TCP 443; TCP 1090; TCP 1095; TCP 3245; TCP 3258; TCP 3260; TCP 3345; TCP 3358-3360; TCP 3445; TCP 3458-3460; TCP 3645; TCP 3658; TCP 3660; TCP 4845; TCP 4858; TCP 4860; TCP 8008; TCP 8045; TCP 8050; TCP 8060-8061; TCP 8145; TCP 8150; TCP 8158; TCP 8160-8161; TCP 8245; TCP 8260-8261; TCP 8888-8889; TCP 9045; TCP 9050; TCP 9060-9061; TCP 9145; TCP 9158; TCP 9160-9161; TCP 23001; TCP 53995,sap07021.os.fth.sbs.de ,SAP_KFP: Master Document List - MDL
17700,157.163.152.118,5140,TCP 80; TCP 443; TCP 1090; TCP 1095; TCP 3245; TCP 3258; TCP 3260; TCP 3345; TCP 3358-3360; TCP 3445; TCP 3458-3460; TCP 3645; TCP 3658; TCP 3660; TCP 4845; TCP 4858; TCP 4860; TCP 8008; TCP 8045; TCP 8050; TCP 8060-8061; TCP 8145; TCP 8150; TCP 8158; TCP 8160-8161; TCP 8245; TCP 8260-8261; TCP 8888-8889; TCP 9045; TCP 9050; TCP 9060-9061; TCP 9145; TCP 9158; TCP 9160-9161; TCP 23001; TCP 53996,sapha020.os.fth.sbs.de ,SAP_KFP: Master Document List - MDL
17701,157.163.152.195,5140,TCP 80; TCP 443; TCP 1090; TCP 1095; TCP 3245; TCP 3258; TCP 3260; TCP 3345; TCP 3358-3360; TCP 3445; TCP 3458-3460; TCP 3645; TCP 3658; TCP 3660; TCP 4845; TCP 4858; TCP 4860; TCP 8008; TCP 8045; TCP 8050; TCP 8060-8061; TCP 8145; TCP 8150; TCP 8158; TCP 8160-8161; TCP 8245; TCP 8260-8261; TCP 8888-8889; TCP 9045; TCP 9050; TCP 9060-9061; TCP 9145; TCP 9158; TCP 9160-9161; TCP 23001; TCP 53997,sapha054 .os.fth.sbs.de ,SAP_KFP: Master Document List - MDL
17702,157.163.152.70,5140,TCP 80; TCP 443; TCP 1090; TCP 1095; TCP 3245; TCP 3258; TCP 3260; TCP 3345; TCP 3358-3360; TCP 3445; TCP 3458-3460; TCP 3645; TCP 3658; TCP 3660; TCP 4845; TCP 4858; TCP 4860; TCP 8008; TCP 8045; TCP 8050; TCP 8060-8061; TCP 8145; TCP 8150; TCP 8158; TCP 8160-8161; TCP 8245; TCP 8260-8261; TCP 8888-8889; TCP 9045; TCP 9050; TCP 9060-9061; TCP 9145; TCP 9158; TCP 9160-9161; TCP 23001; TCP 53998,sapha055.os.fth.sbs.de ,SAP_KFP: Master Document List - MDL
17703,10.99.153.249,5140,TCP 80; TCP 443; TCP 1090; TCP 1095; TCP 3245; TCP 3258; TCP 3260; TCP 3345; TCP 3358-3360; TCP 3445; TCP 3458-3460; TCP 3645; TCP 3658; TCP 3660; TCP 4845; TCP 4858; TCP 4860; TCP 8008; TCP 8045; TCP 8050; TCP 8060-8061; TCP 8145; TCP 8150; TCP 8158; TCP 8160-8161; TCP 8245; TCP 8260-8261; TCP 8888-8889; TCP 9045; TCP 9050; TCP 9060-9061; TCP 9145; TCP 9158; TCP 9160-9161; TCP 23001; TCP 53999,defthw990k2.ad101.siemens-energy.net,SAP_KFP: Master Document List - MDL
17704,139.22.147.234,5140,TCP 80; TCP 443; TCP 1090; TCP 1095; TCP 3245; TCP 3258; TCP 3260; TCP 3345; TCP 3358-3360; TCP 3445; TCP 3458-3460; TCP 3645; TCP 3658; TCP 3660; TCP 4845; TCP 4858; TCP 4860; TCP 8008; TCP 8045; TCP 8050; TCP 8060-8061; TCP 8145; TCP 8150; TCP 8158; TCP 8160-8161; TCP 8245; TCP 8260-8261; TCP 8888-8889; TCP 9045; TCP 9050; TCP 9060-9061; TCP 9145; TCP 9158; TCP 9160-9161; TCP 23001; TCP 54000,defthw990k3.ad001.siemens.net,SAP_KFP: Master Document List - MDL
17834,129.73.188.83,5141,TCP 1090; TCP 1095,sn1usa03.ad001.siemens.net,SAP_KFP: PDM Exchange
17710,139.21.170.213,5140,TCP 80; TCP 443; TCP 1090; TCP 1095; TCP 3245; TCP 3258; TCP 3260; TCP 3345; TCP 3358-3360; TCP 3445; TCP 3458-3460; TCP 3645; TCP 3658; TCP 3660; TCP 4845; TCP 4858; TCP 4860; TCP 8008; TCP 8045; TCP 8050; TCP 8060-8061; TCP 8145; TCP 8150; TCP 8158; TCP 8160-8161; TCP 8245; TCP 8260; TCP 8261; TCP 8888-8889; TCP 9045; TCP 9050; TCP 9060-9061; TCP 9145; TCP 9158; TCP 9160-9161; TCP 23001; TCP 53993,sn1cnv01.ad001.siemens.net,SAP_KFP: Master Document List - MDL
17711,139.23.156.146,5140,TCP 80; TCP 443; TCP 1090; TCP 1095; TCP 3245; TCP 3258; TCP 3260; TCP 3345; TCP 3358-3360; TCP 3445; TCP 3458-3460; TCP 3645; TCP 3658; TCP 3660; TCP 4845; TCP 4858; TCP 4860; TCP 8008; TCP 8045; TCP 8050; TCP 8060-8061; TCP 8145; TCP 8150; TCP 8158; TCP 8160-8161; TCP 8245; TCP 8260; TCP 8261; TCP 8888-8889; TCP 9045; TCP 9050; TCP 9060-9061; TCP 9145; TCP 9158; TCP 9160-9161; TCP 23001; TCP 53994,sn1cnv02.ad001.siemens.net,SAP_KFP: Master Document List - MDL
17712,139.23.156.144,5140,TCP 80; TCP 443; TCP 1090; TCP 1095; TCP 3245; TCP 3258; TCP 3260; TCP 3345; TCP 3358-3360; TCP 3445; TCP 3458-3460; TCP 3645; TCP 3658; TCP 3660; TCP 4845; TCP 4858; TCP 4860; TCP 8008; TCP 8045; TCP 8050; TCP 8060-8061; TCP 8145; TCP 8150; TCP 8158; TCP 8160-8161; TCP 8245; TCP 8260; TCP 8261; TCP 8888-8889; TCP 9045; TCP 9050; TCP 9060-9061; TCP 9145; TCP 9158; TCP 9160-9161; TCP 23001; TCP 53995,sn1cnv03.ad001.siemens.net,SAP_KFP: Master Document List - MDL
17713,139.23.156.143,5140,TCP 80; TCP 443; TCP 1090; TCP 1095; TCP 3245; TCP 3258; TCP 3260; TCP 3345; TCP 3358-3360; TCP 3445; TCP 3458-3460; TCP 3645; TCP 3658; TCP 3660; TCP 4845; TCP 4858; TCP 4860; TCP 8008; TCP 8045; TCP 8050; TCP 8060-8061; TCP 8145; TCP 8150; TCP 8158; TCP 8160-8161; TCP 8245; TCP 8260; TCP 8261; TCP 8888-8889; TCP 9045; TCP 9050; TCP 9060-9061; TCP 9145; TCP 9158; TCP 9160-9161; TCP 23001; TCP 53996,sn1cnv04.ad001.siemens.net,SAP_KFP: Master Document List - MDL
17714,129.73.188.97,5140,TCP 80; TCP 443; TCP 1090; TCP 1095; TCP 3245; TCP 3258; TCP 3260; TCP 3345; TCP 3358-3360; TCP 3445; TCP 3458-3460; TCP 3645; TCP 3658; TCP 3660; TCP 4845; TCP 4858; TCP 4860; TCP 8008; TCP 8045; TCP 8050; TCP 8060-8061; TCP 8145; TCP 8150; TCP 8158; TCP 8160-8161; TCP 8245; TCP 8260; TCP 8261; TCP 8888-8889; TCP 9045; TCP 9050; TCP 9060-9061; TCP 9145; TCP 9158; TCP 9160-9161; TCP 23001; TCP 53997,sn1kfp01.ad001.siemens.net,SAP_KFP: Master Document List - MDL
17715,157.163.141.168,5140,TCP 80; TCP 443; TCP 1090; TCP 1095; TCP 3245; TCP 3258; TCP 3260; TCP 3345; TCP 3358-3360; TCP 3445; TCP 3458-3460; TCP 3645; TCP 3658; TCP 3660; TCP 4845; TCP 4858; TCP 4860; TCP 8008; TCP 8045; TCP 8050; TCP 8060-8061; TCP 8145; TCP 8150; TCP 8158; TCP 8160-8161; TCP 8245; TCP 8260; TCP 8261; TCP 8888-8889; TCP 9045; TCP 9050; TCP 9060-9061; TCP 9145; TCP 9158; TCP 9160-9161; TCP 23001; TCP 53998,sap03035.os.fth.sbs.de ,SAP_KFP: Master Document List - MDL
17716,157.163.141.169,5140,TCP 80; TCP 443; TCP 1090; TCP 1095; TCP 3245; TCP 3258; TCP 3260; TCP 3345; TCP 3358-3360; TCP 3445; TCP 3458-3460; TCP 3645; TCP 3658; TCP 3660; TCP 4845; TCP 4858; TCP 4860; TCP 8008; TCP 8045; TCP 8050; TCP 8060-8061; TCP 8145; TCP 8150; TCP 8158; TCP 8160-8161; TCP 8245; TCP 8260; TCP 8261; TCP 8888-8889; TCP 9045; TCP 9050; TCP 9060-9061; TCP 9145; TCP 9158; TCP 9160-9161; TCP 23001; TCP 53999,sap03036.os.fth.sbs.de ,SAP_KFP: Master Document List - MDL
17717,157.163.141.170,5140,TCP 80; TCP 443; TCP 1090; TCP 1095; TCP 3245; TCP 3258; TCP 3260; TCP 3345; TCP 3358-3360; TCP 3445; TCP 3458-3460; TCP 3645; TCP 3658; TCP 3660; TCP 4845; TCP 4858; TCP 4860; TCP 8008; TCP 8045; TCP 8050; TCP 8060-8061; TCP 8145; TCP 8150; TCP 8158; TCP 8160-8161; TCP 8245; TCP 8260; TCP 8261; TCP 8888-8889; TCP 9045; TCP 9050; TCP 9060-9061; TCP 9145; TCP 9158; TCP 9160-9161; TCP 23001; TCP 54000,sap03037.os.fth.sbs.de ,SAP_KFP: Master Document List - MDL
17818,157.163.120.23,5141,TCP 80; TCP 443; TCP 1090; TCP 1095; TCP 3245; TCP 3258; TCP 3260; TCP 3345; TCP 3358-3360; TCP 3445; TCP 3458-3460; TCP 3645; TCP 3658; TCP 3660; TCP 4845; TCP 4858; TCP 4860; TCP 8008; TCP 8045; TCP 8050; TCP 8060-8061; TCP 8145; TCP 8150; TCP 8158; TCP 8160-8161; TCP 8245; TCP 8260-8261; TCP 8888-8889; TCP 9045; TCP 9050; TCP 9060-9061; TCP 9145; TCP 9158; TCP 9160-9161; TCP 23001; TCP 53971,sap03869.os.fth.sbs.de ,SAP_KFP: PDM Exchange
17819,157.163.152.237,5141,TCP 80; TCP 443; TCP 1090; TCP 1095; TCP 3245; TCP 3258; TCP 3260; TCP 3345; TCP 3358-3360; TCP 3445; TCP 3458-3460; TCP 3645; TCP 3658; TCP 3660; TCP 4845; TCP 4858; TCP 4860; TCP 8008; TCP 8045; TCP 8050; TCP 8060-8061; TCP 8145; TCP 8150; TCP 8158; TCP 8160-8161; TCP 8245; TCP 8260-8261; TCP 8888-8889; TCP 9045; TCP 9050; TCP 9060-9061; TCP 9145; TCP 9158; TCP 9160-9161; TCP 23001; TCP 53972,sap03872.os.fth.sbs.de ,SAP_KFP: PDM Exchange
17820,157.163.152.130,5141,TCP 80; TCP 443; TCP 1090; TCP 1095; TCP 3245; TCP 3258; TCP 3260; TCP 3345; TCP 3358-3360; TCP 3445; TCP 3458-3460; TCP 3645; TCP 3658; TCP 3660; TCP 4845; TCP 4858; TCP 4860; TCP 8008; TCP 8045; TCP 8050; TCP 8060-8061; TCP 8145; TCP 8150; TCP 8158; TCP 8160-8161; TCP 8245; TCP 8260-8261; TCP 8888-8889; TCP 9045; TCP 9050; TCP 9060-9061; TCP 9145; TCP 9158; TCP 9160-9161; TCP 23001; TCP 53973,sap03816.os.fth.sbs.de ,SAP_KFP: PDM Exchange
17821,157.163.152.8,5141,TCP 80; TCP 443; TCP 1090; TCP 1095; TCP 3245; TCP 3258; TCP 3260; TCP 3345; TCP 3358-3360; TCP 3445; TCP 3458-3460; TCP 3645; TCP 3658; TCP 3660; TCP 4845; TCP 4858; TCP 4860; TCP 8008; TCP 8045; TCP 8050; TCP 8060-8061; TCP 8145; TCP 8150; TCP 8158; TCP 8160-8161; TCP 8245; TCP 8260-8261; TCP 8888-8889; TCP 9045; TCP 9050; TCP 9060-9061; TCP 9145; TCP 9158; TCP 9160-9161; TCP 23001; TCP 53974,sap03031.os.fth.sbs.de ,SAP_KFP: PDM Exchange
17822,157.163.152.226,5141,TCP 80; TCP 443; TCP 1090; TCP 1095; TCP 3245; TCP 3258; TCP 3260; TCP 3345; TCP 3358-3360; TCP 3445; TCP 3458-3460; TCP 3645; TCP 3658; TCP 3660; TCP 4845; TCP 4858; TCP 4860; TCP 8008; TCP 8045; TCP 8050; TCP 8060-8061; TCP 8145; TCP 8150; TCP 8158; TCP 8160-8161; TCP 8245; TCP 8260-8261; TCP 8888-8889; TCP 9045; TCP 9050; TCP 9060-9061; TCP 9145; TCP 9158; TCP 9160-9161; TCP 23001; TCP 53975,sap03874.os.fth.sbs.de ,SAP_KFP: PDM Exchange
17823,157.163.152.134,5141,TCP 80; TCP 443; TCP 1090; TCP 1095; TCP 3245; TCP 3258; TCP 3260; TCP 3345; TCP 3358-3360; TCP 3445; TCP 3458-3460; TCP 3645; TCP 3658; TCP 3660; TCP 4845; TCP 4858; TCP 4860; TCP 8008; TCP 8045; TCP 8050; TCP 8060-8061; TCP 8145; TCP 8150; TCP 8158; TCP 8160-8161; TCP 8245; TCP 8260-8261; TCP 8888-8889; TCP 9045; TCP 9050; TCP 9060-9061; TCP 9145; TCP 9158; TCP 9160-9161; TCP 23001; TCP 53976,sap07020.os.fth.sbs.de ,SAP_KFP: PDM Exchange
17824,157.163.152.139,5141,TCP 80; TCP 443; TCP 1090; TCP 1095; TCP 3245; TCP 3258; TCP 3260; TCP 3345; TCP 3358-3360; TCP 3445; TCP 3458-3460; TCP 3645; TCP 3658; TCP 3660; TCP 4845; TCP 4858; TCP 4860; TCP 8008; TCP 8045; TCP 8050; TCP 8060-8061; TCP 8145; TCP 8150; TCP 8158; TCP 8160-8161; TCP 8245; TCP 8260-8261; TCP 8888-8889; TCP 9045; TCP 9050; TCP 9060-9061; TCP 9145; TCP 9158; TCP 9160-9161; TCP 23001; TCP 53977,sap07021.os.fth.sbs.de ,SAP_KFP: PDM Exchange
17825,157.163.152.118,5141,TCP 80; TCP 443; TCP 1090; TCP 1095; TCP 3245; TCP 3258; TCP 3260; TCP 3345; TCP 3358-3360; TCP 3445; TCP 3458-3460; TCP 3645; TCP 3658; TCP 3660; TCP 4845; TCP 4858; TCP 4860; TCP 8008; TCP 8045; TCP 8050; TCP 8060-8061; TCP 8145; TCP 8150; TCP 8158; TCP 8160-8161; TCP 8245; TCP 8260-8261; TCP 8888-8889; TCP 9045; TCP 9050; TCP 9060-9061; TCP 9145; TCP 9158; TCP 9160-9161; TCP 23001; TCP 53978,sapha020.os.fth.sbs.de ,SAP_KFP: PDM Exchange
17826,157.163.152.195,5141,TCP 80; TCP 443; TCP 1090; TCP 1095; TCP 3245; TCP 3258; TCP 3260; TCP 3345; TCP 3358-3360; TCP 3445; TCP 3458-3460; TCP 3645; TCP 3658; TCP 3660; TCP 4845; TCP 4858; TCP 4860; TCP 8008; TCP 8045; TCP 8050; TCP 8060-8061; TCP 8145; TCP 8150; TCP 8158; TCP 8160-8161; TCP 8245; TCP 8260-8261; TCP 8888-8889; TCP 9045; TCP 9050; TCP 9060-9061; TCP 9145; TCP 9158; TCP 9160-9161; TCP 23001; TCP 53979,sapha054 .os.fth.sbs.de ,SAP_KFP: PDM Exchange
17827,157.163.152.70,5141,TCP 80; TCP 443; TCP 1090; TCP 1095; TCP 3245; TCP 3258; TCP 3260; TCP 3345; TCP 3358-3360; TCP 3445; TCP 3458-3460; TCP 3645; TCP 3658; TCP 3660; TCP 4845; TCP 4858; TCP 4860; TCP 8008; TCP 8045; TCP 8050; TCP 8060-8061; TCP 8145; TCP 8150; TCP 8158; TCP 8160-8161; TCP 8245; TCP 8260-8261; TCP 8888-8889; TCP 9045; TCP 9050; TCP 9060-9061; TCP 9145; TCP 9158; TCP 9160-9161; TCP 23001; TCP 53980,sapha055.os.fth.sbs.de ,SAP_KFP: PDM Exchange
17828,10.99.153.249,5141,TCP 80; TCP 443; TCP 1090; TCP 1095; TCP 3245; TCP 3258; TCP 3260; TCP 3345; TCP 3358-3360; TCP 3445; TCP 3458-3460; TCP 3645; TCP 3658; TCP 3660; TCP 4845; TCP 4858; TCP 4860; TCP 8008; TCP 8045; TCP 8050; TCP 8060-8061; TCP 8145; TCP 8150; TCP 8158; TCP 8160-8161; TCP 8245; TCP 8260-8261; TCP 8888-8889; TCP 9045; TCP 9050; TCP 9060-9061; TCP 9145; TCP 9158; TCP 9160-9161; TCP 23001; TCP 53981,defthw990k2.ad101.siemens-energy.net,SAP_KFP: PDM Exchange
17835,139.21.170.213,5141,TCP 80; TCP 443; TCP 1090; TCP 1095; TCP 3245; TCP 3258; TCP 3260; TCP 3345; TCP 3358-3360; TCP 3445; TCP 3458-3460; TCP 3645; TCP 3658; TCP 3660; TCP 4845; TCP 4858; TCP 4860; TCP 8008; TCP 8045; TCP 8050; TCP 8060-8061; TCP 8145; TCP 8150; TCP 8158; TCP 8160-8161; TCP 8245; TCP 8260-8261; TCP 8888-8889; TCP 9045; TCP 9050; TCP 9060-9061; TCP 9145; TCP 9158; TCP 9160-9161; TCP 23001; TCP 53982,sn1cnv01.ad001.siemens.net,SAP_KFP: PDM Exchange
17836,139.23.156.146,5141,TCP 80; TCP 443; TCP 1090; TCP 1095; TCP 3245; TCP 3258; TCP 3260; TCP 3345; TCP 3358-3360; TCP 3445; TCP 3458-3460; TCP 3645; TCP 3658; TCP 3660; TCP 4845; TCP 4858; TCP 4860; TCP 8008; TCP 8045; TCP 8050; TCP 8060-8061; TCP 8145; TCP 8150; TCP 8158; TCP 8160-8161; TCP 8245; TCP 8260-8261; TCP 8888-8889; TCP 9045; TCP 9050; TCP 9060-9061; TCP 9145; TCP 9158; TCP 9160-9161; TCP 23001; TCP 53983,sn1cnv02.ad001.siemens.net,SAP_KFP: PDM Exchange
17837,139.23.156.144,5141,TCP 80; TCP 443; TCP 1090; TCP 1095; TCP 3245; TCP 3258; TCP 3260; TCP 3345; TCP 3358-3360; TCP 3445; TCP 3458-3460; TCP 3645; TCP 3658; TCP 3660; TCP 4845; TCP 4858; TCP 4860; TCP 8008; TCP 8045; TCP 8050; TCP 8060-8061; TCP 8145; TCP 8150; TCP 8158; TCP 8160-8161; TCP 8245; TCP 8260-8261; TCP 8888-8889; TCP 9045; TCP 9050; TCP 9060-9061; TCP 9145; TCP 9158; TCP 9160-9161; TCP 23001; TCP 53984,sn1cnv03.ad001.siemens.net,SAP_KFP: PDM Exchange
17838,139.23.156.143,5141,TCP 80; TCP 443; TCP 1090; TCP 1095; TCP 3245; TCP 3258; TCP 3260; TCP 3345; TCP 3358-3360; TCP 3445; TCP 3458-3460; TCP 3645; TCP 3658; TCP 3660; TCP 4845; TCP 4858; TCP 4860; TCP 8008; TCP 8045; TCP 8050; TCP 8060-8061; TCP 8145; TCP 8150; TCP 8158; TCP 8160-8161; TCP 8245; TCP 8260-8261; TCP 8888-8889; TCP 9045; TCP 9050; TCP 9060-9061; TCP 9145; TCP 9158; TCP 9160-9161; TCP 23001; TCP 53985,sn1cnv04.ad001.siemens.net,SAP_KFP: PDM Exchange
17839,129.73.188.97,5141,TCP 80; TCP 443; TCP 1090; TCP 1095; TCP 3245; TCP 3258; TCP 3260; TCP 3345; TCP 3358-3360; TCP 3445; TCP 3458-3460; TCP 3645; TCP 3658; TCP 3660; TCP 4845; TCP 4858; TCP 4860; TCP 8008; TCP 8045; TCP 8050; TCP 8060-8061; TCP 8145; TCP 8150; TCP 8158; TCP 8160-8161; TCP 8245; TCP 8260-8261; TCP 8888-8889; TCP 9045; TCP 9050; TCP 9060-9061; TCP 9145; TCP 9158; TCP 9160-9161; TCP 23001; TCP 53986,sn1kfp01.ad001.siemens.net,SAP_KFP: PDM Exchange
17840,157.163.141.168,5141,TCP 80; TCP 443; TCP 1090; TCP 1095; TCP 3245; TCP 3258; TCP 3260; TCP 3345; TCP 3358-3360; TCP 3445; TCP 3458-3460; TCP 3645; TCP 3658; TCP 3660; TCP 4845; TCP 4858; TCP 4860; TCP 8008; TCP 8045; TCP 8050; TCP 8060-8061; TCP 8145; TCP 8150; TCP 8158; TCP 8160-8161; TCP 8245; TCP 8260-8261; TCP 8888-8889; TCP 9045; TCP 9050; TCP 9060-9061; TCP 9145; TCP 9158; TCP 9160-9161; TCP 23001; TCP 53987,sap03035.os.fth.sbs.de ,SAP_KFP: PDM Exchange
17841,157.163.141.169,5141,TCP 80; TCP 443; TCP 1090; TCP 1095; TCP 3245; TCP 3258; TCP 3260; TCP 3345; TCP 3358-3360; TCP 3445; TCP 3458-3460; TCP 3645; TCP 3658; TCP 3660; TCP 4845; TCP 4858; TCP 4860; TCP 8008; TCP 8045; TCP 8050; TCP 8060-8061; TCP 8145; TCP 8150; TCP 8158; TCP 8160-8161; TCP 8245; TCP 8260-8261; TCP 8888-8889; TCP 9045; TCP 9050; TCP 9060-9061; TCP 9145; TCP 9158; TCP 9160-9161; TCP 23001; TCP 53988,sap03036.os.fth.sbs.de ,SAP_KFP: PDM Exchange
17995,157.163.181.228,785,TCP 3200-3299; TCP 3300-3399; TCP 4800-4899,defthw99w8qsrv.ad001.siemens.net,Brainware
18073,139.23.157.79,2759,TCP 4545; TCP 4546,DEFTHW99Y7XSRV.ad001.siemens.net,AVEVA E3D
18074,132.186.79.248,920,TCP 443; TCP 443,inggnh777srv.ad001.siemens.net,GIS Costing tool
18086,139.23.197.207,5336,TCP 80; TCP 135; TCP 137; TCP 139; TCP 389; TCP 443; TCP 445;UDP 135;  UDP 137-138;  UDP 443; UDP 445,saplogonini.siemens.net;Defthwa9w1ssrv.ad001.siemens.net,SAPGUI for MS Windows
18093,139.23.155.141,5472,TCP 3200; TCP 3300; TCP 4800; TCP 9000; TCP 9025,sap03856.eps.siemens.com,RF Warehouse
18092,139.23.155.149,5472,TCP 3241; TCP 3341; TCP 4841; TCP 9041; TCP 9025,,RF Warehouse
18094,139.21.152.143,5941,TCP 8899; TCP 7788; TCP 9988 ,sn1d5709.ad001.siemens.net,WinSped
18102,139.23.197.66,4037,TCP 445; UDP 53; TCP 443; TCP 4430,DEFTHW99962SRV.ad001.siemens.net,DMV - Digital Manufacturing Visualization
18103,139.22.147.137,8457,TCP 1433; TCP 6201;  UDP 1434,DEFTHW990LBSRV.ad001.siemens.net,Schedule IT
18110,149.212.124.218,12651,TCP 3030; UDP 3030; TCP 1433; UDP 1434;TCP 80;TCP 443;TCP 25734,sn1sol02.ad001.siemens.net,Solidworks
18122,194.138.20.137,3869,TCP 1130,pro.di.siemens.com:1130,CTM ABAP (Productive)
18140,10.225.128.71,7423,TCP 443; TCP 8000-8099,,PSDI
18150,139.21.161.197,7423,TCP 8120,,PSDI
19250,139.23.155.6,1989,TCP 8105,pkgspp0d.os.fth.sbs.de,SAP: SPP (EU1)
18170,139.23.138.8,5302,TCP 3302; TCP 3601; TCP 4802,demchdc57cx.dc4ca.siemens.de,SAP ERP S4P FocuS/4
18187,139.21.170.247,5601,UDP 53; TCP 389; UDP 1434; TCP 389; UDP 1434; TCP 52038,SN1ERF01.ad001.siemens.net,RBS2012 [ERF]
18189,139.22.21.104,7423,TCP 4803,,PSDI
18194,139.22.21.109,7423,TCP 8055,,PSDI
18197,139.23.155.133,7423,TCP 9500,,PSDI
18201,139.23.155.151,7423,TCP 9542,,PSDI
18211,139.23.161.115,7423,TCP 4884,,PSDI
18208,139.23.161.107,7423,TCP 9584,,PSDI
19992,139.23.212.200,1954;6077,TCP 4894,,WSTime
18214,139.23.161.115,7423,TCP 9094,,PSDI
18215,139.23.161.115,7423,TCP 9594,,PSDI
18221,139.23.161.71,7423,TCP 4846,,PSDI
18222,139.23.161.71,7423,TCP 8146,,PSDI
18223,139.23.161.74,7423,TCP 4840,,PSDI
19945,194.138.0.9,17042,TCP 9400,Falcon,Cyber Defense Center (CDC) “Log Collectors”
18245,157.163.138.76,7423,TCP 4810,,PSDI
18259,158.226.14.103,7423,TCP 4866,,PSDI
18260,158.226.14.103,7423,TCP 9166,,PSDI
18261,158.226.14.111,7423,TCP 4863,,PSDI
18262,158.226.14.111,7423,TCP 9163,,PSDI
18288,129.214.179.130,3717,TCP 7001; TCP 6001; TCP 5006,Not apply;  SAP Interface,Facturacion electronica Peru
18296,146.253.34.25,13286,TCP 443; TCP 80; TCP 8443; TCP 1433,sn1spm01.ad101.siemens-energy.net,Notices
18404,139.25.201.55,11933,TCP 30015; TCP 30041; TCP 30044,https://hanadatalake-ehq.siemens.com/energy/DOS_IT_EN/dos_it/xs/ui/WebContent/index.html,dosIT
19891,139.25.225.201,2219,TCP 32015,,HANA Datalake
18302,146.253.220.98,11863,TCP 443; TCP 902; UDP 902,don't exist,Vmware vCenter
18304,140.231.150.35,12276,TCP 1433; TCP 1434; TCP 445; TCP 3389,vnsgnb035a.ad001.siemens.net,Cadena_HRIS
18305,140.231.150.14,12276,TCP 1433; TCP 3389; TCP 49290; TCP 51841; TCP 51899; TCP 52664; TCP 54723; TCP 54750; TCP 57423; TCP 64406; TCP 64420; TCP 55301; TCP 54902; TCP 80; TCP 443; TCP 49155; TCP 49666; TCP 49155; TCP 10123; TCP 8080; TCP 49155; TCP 443; TCP 3389; TCP 52003-52005; TCP 52008; TCP  60703; TCP 62046,VNSGNB010A.ad001.siemens.net,Cadena_HRIS
18306,146.253.34.14,12585,TCP 27000; TCP 80; TCP 49736,https://sn1pal01.ad101.siemens-energy.net,Paladin Design Base@SLN
18354,146.254.77.139,5012,TCP 443; TCP 24880; TCP 4445; TCP 4446,tmcm-siemens.siemens.com;virusprotection.it-soluntions.atos.net,Malware Protection for endpoints
18348,140.231.111.126,5012,TCP 443; TCP 3740; TCP 24880; TCP 4445; TCP 4446,vps4dwpapac2.siemens.com;SGSGPK0V126SRV,Malware Protection for endpoints
18400,158.92.12.205,3258,TCP 445; TCP 20000; TCP 443; TCP 1521; TCP 11320; TCP 11321; TCP 28000; TCP 28010,globusnagios.siemens-energy.net,"GloBus (NX, Teamcenter)"
18412,139.23.197.88,7405,UDP 53; TCP 445; TCP 55699; TCP 1526; UDP 1433; UDP 1434,DEFTHW90GQXSRV.ad001.siemens.net,SHOPFLOOR BOARD [ERF]
18413,139.21.170.247,5601,UDP 53; TCP 389; UDP 1434; TCP 389; UDP 1433; TCP 52038; TCP 52038,SN1ERF01.ad001.siemens.net,RBS2012 [ERF]
18415,147.54.229.18,7393,TCP 445; TCP 1526; TCP 3342; TCP 3300,DEERFW01DMVTDM.ad001.siemens.net,PLANNING TOOL [ERF]
18418,147.54.200.108,7407,TCP 88; TCP 445; TCP 49667; TCP 135; TCP 443; TCP 50331; TCP 80; TCP 1433; UDP 1434,DEERFW0DNCDIVA.ad001.siemens.net,DIVA DYNAMICS [ERF]
18421,147.54.200.108,4060,TCP 80; TCP 443; TCP 135; TCP 445; TCP 1080; TCP 1433; TCP 1434; TCP 2382; TCP 3040; TCP 3050; TCP 3409; TCP 3501-3510; TCP 3511; TCP 3512-3520; TCP 4022; TCP 8000,DEERFW0DNCDIVA.ad001.siemens.net,DNC [ERF]
18423,54.236.193.14,10020,TCP 443; TCP 80; TCP 8080; UDP 33434; TCP 3236-3239; UDP 3236-3239; UDP 45056-49151; UDP 161; UDP 49152-65535; UDP 5060; UDP 1720; TCP 53; UDP 53; UDP 123,siemens.pm.appneta.com,AppNeta for End2End Overlay Monitoring
20084,194.138.14.57,566,TCP 25,,GlobalTrade
18472,10.99.153.41,3142,TCP 6201; TCP 137; TCP 138; TCP 139; TCP 445,sn1elp02.ad101.siemens-energy.net ,ELAST
18557,136.157.47.3,6061,TCP 5060; UDP 5060; TCP 5061; UDP 5061; TCP 29000-29499; UDP 29000-29499,,Voice Fixed (VoIP)
18500,136.157.210.18,6061,TCP 18443; UDP 18443,dls-na.siemens.com,Voice Fixed (VoIP)
18516,136.157.210.19,6061,TCP 61740; UDP 61740,licensing-na.siemens.com,Voice Fixed (VoIP)
18654,136.157.210.9,6061,TCP 4400; TCP 4000-4003; TCP 4711; TCP 4321-4323; TCP 80; TCP 443; TCP 5180; TCP 20000; TCP 50505; TCP 4421; TCP 5701; TCP 6701-6751; TCP 9000; TCP 1433; TCP 2525; TCP 1521; TCP 5432; TCP 3389; TCP 9010-9011; TCP 12345; TCP 4498-4499; TCP 5060; TCP 64108-64109; TCP 4848;UDP 53327; UDP 24000-24099; UDP 5060-5062; UDP 16900; UDP 20000-23999; UDP 47000-47199; UDP 161; UDP 53268,asccore1-nam.siemens.com,Voice Fixed (VoIP)
18651,136.157.210.34,6061,TCP 6000-6030; TCP 8443; TCP 9000-9099; TCP 49000-49999; TCP 51500-51599; TCP 52800-52999; TCP 53000-53999; TCP 54000-54500; TCP 56200-56299; TCP 57300-57500; TCP 60400-60999; TCP 64900-64999;UDP 161; UDP 64251,usirva0006wsrv.ad001.siemens,Voice Fixed (VoIP)
18667,136.157.210.89,6061,TCP 5061; TCP 5060; UDP 5060,,Voice Fixed (VoIP)
18671,136.157.210.93,6061,TCP 5060; TCP 6027; TCP 7443; TCP 4567,,Voice Fixed (VoIP)
18726,157.226.0.228,6061,TCP 5061; TCP 5060; UDP 5060; TCP 5004; TCP 5004; TCP 38; UDP 38; TCP 6004; UDP 6004,,Voice Fixed (VoIP)
18741,147.54.155.212,4513,TCP  443; TCP 3389; TCP  1215; UDP  1215; TCP  2300; TCP  2218-2221; TCP  2270; TCP  2271-2279; TCP  8871; TCP  4510; TCP  4500; TCP  21; TCP  23; TCP  90; TCP  3333; TCP  8888; TCP  443; TCP 1100,https://sn1tma01.ad001.siemens.net/,myTMA
18744,10.143.8.36,1645,TCP  9080; TCP  8443; TCP 30001; UDP  30001; TCP 30005; UDP  30005,,SIPORT ZK GER
18845,10.143.9.7,6027,TCP 443; TCP 80; TCP 445,,Visit.net
19697,146.254.141.143,1645,UDP 2128;TCP 2120; UDP 2127,DEFTHWA004DSRV.ad001.siemens.net,SIPORT
19693,146.254.141.145,1645,TCP 8761; TCP 8764; TCP 443; UDP 2128;TCP 2120; UDP 2127,DEFTHWA004FSRV.ad001.siemens.net,SIPORT
18764,139.25.239.11,572,TCP 8080; TCP 80; TCP 443,demchdc81da.ad007.siemens.net,iTWO - Project Management Platform
18773,139.25.233.103,572,TCP 4420;TCP 42150;TCP 42151;TCP 42152;TCP 42153; UDP  5093,"demchdc9p1a.ad007.siemens.net
demchdc9x7a.ad007.siemens.net
demchdc9x8a.ad007.siemens.net
demchdc9x9a.ad007.siemens.net
demchdc9xaa.ad007.siemens.net
demchdc844a.ad007.siemens.net
demchdc845a.ad007.siemens.net
demchdc9mqa.ad007.siemens.net",iTWO - Project Management Platform
18774,139.25.233.182,572,TCP 1433;TCP 4420;TCP 42150;TCP 42151;TCP 42152;TCP 42153; UDP  5093,demchdc9msa.ad007.siemens.net,iTWO - Project Management Platform
18791,144.145.46.59,7437,TCP  24888;UDP  62608,,Trend Micro - RDS AGT
18805,144.145.46.29,3865,TCP  443;UDP  443,DEBBGN3T5A.ad101.siemens-energy.net,CT-Calc
19148,141.73.35.35,2048,TCP 443; TCP 8443,KHER9Z47.ad001.siemens.net,SAP EWM A0P
18798,144.145.46.37,4724,TCP  4001,DEBBGN3ANA.ad101.siemens-energy.net,Interflex System 6020
18977,144.145.46.20,4293,TCP  50001; TCP  443; TCP  445,DEBBGN3AEA.ad001.siemens.net,Nicelabel
18802,144.145.46.56,4099,TCP  22; TCP  445; TCP  111; UDP  111; TCP  1433,DEBBGN3AHA.ad001.siemens.net,Mega/L
18815,139.25.128.168,1492,TCP  443; TCP  943,demchdc895a.ad007.siemens.net,Problem Tracker - SPPA-T2000
18821,139.23.13.102,2179,TCP 64001,DEMCHDC9DCA.AD007.siemens.net,SISEC - Engineering Platform
18822,139.23.13.102,2179,TCP 64002,DEMCHDC9DCA.AD007.siemens.net,SISEC - Engineering Platform
18823,139.23.13.102,2179,TCP 64003,DEMCHDC9DCA.AD007.siemens.net,SISEC - Engineering Platform
18824,139.23.13.102,2179,TCP 64004,DEMCHDC9DCA.AD007.siemens.net,SISEC - Engineering Platform
18825,139.23.13.102,2179,TCP 64020,DEMCHDC9DCA.AD007.siemens.net,SISEC - Engineering Platform
18826,139.23.13.102,2179,TCP 64006,DEMCHDC9DCA.AD007.siemens.net,SISEC - Engineering Platform
18833,146.254.141.145,6027,TCP 8761; TCP 8764,DEFTHWA004FSRV.ad001.siemens.net,SIPORT Access
18849,139.23.155.149,2004,TCP 9041,pkgops0d-OPS.eps.siemens-energy.com ,SAP ERP OPP OneP
18860,172.30.229.45,1332,TCP 7016,sn1enb02.ad001.siemens.net,LC-BR SOP IT EcomexDeck - 30583 - PROD/Non-PROD
18870,139.25.0.245,2028,TCP 8000,services.siemens.com;nsc.pki-services.siemens.com,PKI NSC - Network Smartcard
18884,139.22.144.185,2029,TCP 1433; TCP 4022; TCP 135; TCP 1434; UDP 1434; TCP 808; TCP 3372;TCP 443; TCP 1024-65535,defthw99wcfsrv.ad001.siemens.net,PRIMTECH
18894,139.25.98.24,2166,TCP 3280; TCP 3680; TCP 3682; TCP 4880; TCP 3281; TCP 3681;  TCP 4881; TCP 3282;  TCP 4882; TCP 3203; TCP 3603; TCP 4803,colorado-ha1.siemens.com,Colorado Core HA1 - SAP Gui - Firewallgroups
18902,139.25.98.27,2166,TCP 3266; TCP 3666; TCP 3682; TCP 4866; TCP 3203; TCP 3603; TCP 4803; TCP 3204; TCP 3604;  TCP 4804; TCP 3205; TCP 3605; TCP 4805,colorado-ha2.siemens.com,Colorado Core HA2 - SAP Gui - Firewallgroups
18909,139.23.101.234,2219,TCP 30015; TCP 30044,demchdc6d2x.dc4ca.siemens.de,EHx HANA Datalake
18917,200.142.193.166,2820,TCP 10022,b2b.adpexpert.com.br,ADP Brazil (BPO-Application) [BR]
18921,139.23.123.10,3010,TCP 1215; UDP 1215; TCP 443,iam-proxy.siemens.com,IAM
19350,139.25.129.119,5233,TCP 3201; TCP 3601; TCP 4801,dwp-hb1.siemens.com,DWP - HB1 - SAP Gui
18927,139.25.126.171,5233,TCP 3202; TCP 3601; TCP 3602; TCP 4802,hrbi-hr1.siemens.com,HR-BI - HR1 - SAP Gui - Firewallgroups
18928,172.20.10.1,5478,TCP 135-139; UDP 135-139,\\ad001.siemens.net\dfs001\File\DDSNbgVo\Doc2TC_HbgAE,SiDriveTest
18934,139.23.50.70,5143,TCP 3202; TCP 3302; TCP 4802; TCP 3601; TCP 444; TCP 8000,ptc.siemens-energy.com,SAP_PTC
18932,139.23.50.88,5143,TCP 3202; TCP 3302; TCP 4802; TCP 3601; TCP 443; TCP 444; TCP 8000,itc.siemens-energy.com,SAP_PTC
18936,139.23.95.167,5164,TCP 3202; TCP 3302; TCP 4802; TCP 3601; TCP 443; TCP 444,etg.siemens.com,SAP_PTG
18939,139.23.95.134,5164,TCP 3202; TCP 3302; TCP 4802; TCP 3601; TCP 443,ptg.siemens.com,SAP_PTG
18942,10.99.168.249,5165,TCP 3201; TCP 3301; TCP 4801; TCP 3601; TCP 443; TCP 444; TCP 3210; TCP 3310; TCP 4810; TCP 3610; TCP 8001; TCP 8010; TCP 1100,"dti.trench-group.com
iti.trench-group.com",SAP_PTI
18945,10.99.168.248,5163,TCP 3200; TCP 3300; TCP 4800; TCP 3600; TCP 444; TCP 8000; TCP 1100,ptf.trench-group.com,SAP_PTF
18944,10.99.168.251,5163,TCP 3200; TCP 3300; TCP 4800; TCP 3600; TCP 443; TCP 444; TCP 3210; TCP 3310; TCP 4810; TCP 3610; TCP 8000; TCP 8010; TCP 1100,"dtf.trench-group.com
itf.trench-group.com",SAP_PTF
18946,158.226.17.92,5142,TCP 3220; TCP 3320; TCP 4820; TCP 3620; TCP 443; TCP 1100,eta.trench-group.com,SAP_PTA
18947,158.226.17.91,5142,TCP 3230; TCP 3330; TCP 4830; TCP 3630; TCP 443; TCP 1100,qta.trench-group.com,SAP_PTA
18948,158.226.17.90,5142,TCP 3200; TCP 3300; TCP 4800; TCP 3600; TCP 443; TCP 1100,pta.trench-group.com,SAP_PTA
18954,139.23.50.103,5143,TCP 30015; TCP 4300,,SAP_PTC
18957,139.21.161.231,99998,TCP 3674; TCP 3675; TCP 3375; TCP 4875; TCP 3275; TCP 44375,DEFTHWA9JHD.os.fth.sbs.de,SAP VP2
18958,139.21.161.228,99998,TCP 3679; TCP 3678; TCP 3378; TCP 3278; TCP 4878; TCP 44378,defthwa9w9v.os.fth.sbs.de,SAP VP2
18959,139.21.161.229,99998,TCP 3677; TCP 3676; TCP 3276; TCP 4876; TCP 3376; TCP 44376,defthwa9uk1.os.fth.sbs.de,SAP VP2
18967,139.21.236.69,10890,TCP 3202; TCP 3302; TCP 3601; TCP 4802; TCP 44302,,SAP ERP REP
18993,139.21.161.199,16847,TCP 3604; TCP 3655; TCP 3305; TCP 4805; TCP 3205; TCP 44305,defthwa9s9e.os.fth.sbs.de,SAP VP1
18994,139.21.161.197,16847,TCP 3621; TCP 3620; TCP 3320; TCP 4820; TCP 3220; TCP 44320,denbgat9xah.os.fth.sbs.de,SAP VP1
18995,139.21.161.196,16847,TCP 3626; TCP 3625; TCP 3325; TCP 4825; TCP 3225; TCP 44325,defthwa9z1b.os.fth.sbs.de,SAP VP1
19002,140.231.80.76,,TCP 3200; TCP 3300; TCP 4800; TCP 3620; TCP 8000; TCP 8020; TCP 443,saphasg4.siemens.com.sg,AQM(Solution manager)
19003,140.231.80.68,,TCP 3200; TCP 3300; TCP 8000; TCP 8020; TCP 3620,sgsgp999f12.siemens.com.sg,APM(Solutiona manager)
19004,140.231.80.106,,TCP 3200; TCP 3300; TCP 8000; TCP 8020,sgsgpk09y9b.siemens.com.sg,APM(Solutiona manager)
19006,140.231.14.103,12366,TCP 443; TCP 1100; TCP 3602; TCP 3200; TCP 3201; TCP 8102; TCP 8402; TCP 3300,sgsgpk09b8p.siemens.com.sg      ,SAP AP9
19008,140.231.14.102,12366,TCP 443; TCP 3201; TCP 4801; TCP 3301,sgsgpk099ub.siemens.com.sg     ,SAP AP9
19009,140.231.14.105,12366,TCP 443(3602; TCP 3200; TCP 3201; TCP 8102; TCP 8402; TCP 3300,sgsgpk0976u.siemens.com.sg     ,SAP AP9
19010,140.231.80.81,1977,TCP 3200; TCP 3300; TCP 4800; TCP 8000; TCP 8001,sapsg005.siemens.com.sg,SE Ueasy
19014,10.225.128.71,16661,TCP 443; TCP 1100; TCP 3250; TCP 3251; TCP 3350; TCP 3651; TCP 4850; TCP 8151; TCP 8401,cnpek014c6.cn001.siemens.net   ,SAP AP8
19013,10.225.128.70,16661,TCP 443; TCP 325; TCP 033; TCP 504; TCP 850,cnpek014c5.cn001.siemens.net   ,SAP AP8
19035,129.214.179.130,3717,TCP 7001,sn1w3010,Facturacion electronica Peru
19039,163.242.203.60,2887,TCP 3296,cimw5.siemens.ru,SAP HR (MW5) [RCA] + ESS/MSS MWK myHR portal
19040,163.242.205.140,4853,TCP 445; TCP 80; UDP 1434,rumowks0140srv.ad001.siemens.net,Kofax
19061,132.186.33.172,17042,TCP 22; TCP 53; TCP 80; TCP 88; TCP 389; TCP 443; TCP 464; TCP 636; TCP 1984; TCP 5044; TCP 5665; TCP 8005; TCP 8006; TCP 8140; TCP 9092-9094; TCP 9200-9399; TCP 9400; UDP 53; UDP 88; UDP 123; UDP 464,aedxbscn00-01.aae.cdc,Cyber Defense Center (CDC) “Log Collectors”
19904,129.73.58.114,17042,TCP 22;TCP 80;TCP 443;TCP 3668;TCP 5900;TCP 5901;TCP 9300;TCP 17988;TCP 17990,usjupide00-01.am.cdc,Cyber Defense Center (CDC) “Log Collectors”
19068,157.163.138.101,4397,TCP 44301,sn1s7101.ad001.siemens.net,OneSRM
19069,10.130.122.181,4378,TCP 33001,*.mosaic-dev.siemens.cloud,Mosaic Platform
19070,10.130.130.155,4378,TCP 22; TCP 33001,*.mosaic-qa.siemens.cloud,Mosaic Platform
19083,10.130.89.18,2129,TCP 22; TCP 443; TCP 80,code.siemens.com,code.siemens.com
19084,10.142.200.137,4378,"TCP 53; TCP 88; TCP 135; TCP 139; TCP 389; TCP 445; TCP 464; TCP 636; TCP 873; TCP 1024-65535; TCP 3389; TCP 5985, TCP 5986; TCP 3268 - 3269",*.mosaic-dev.siemens.cloud,Mosaic Platform
19555,157.163.152.9,5831,TCP 2598; TCP 1494; TCP 16500; TCP 16501; TCP 16502; TCP 16503; TCP 16504; TCP 16505; TCP 16506; TCP 16507; TCP 16508; TCP 16509,sn1t4504.ad001.siemens.net,QMS V EM HP
19094,10.143.108.100,4378,TCP 8787; TCP 3939; TCP 4242,*.mosaic-dev.siemens.cloud,Mosaic Platform
20019,139.23.50.214,2232,TCP 22; TCP 443,,Smart Analytics
19120,158.226.21.56,1829,TCP 3216;TCP 3316;TCP 3616;TCP 4816;TCP 8316,vies17px.sie.siemens.at,SAP: MP1 (PROD)
19122,141.29.16.143,1950,TCP 3200;TCP 3300;TCP 33600,TRISTK443SAP.ad001.siemens.net,SAP:SPP
19608,146.254.130.20,14249,TCP 135-139; TCP 135-139,defthwa0is0sto.ad001.siemens.net,TISCA
19560,157.163.179.55,2018,TCP 3600,defthwa9kyo.os.fth.sbs.de,Spiridon BD1 [BRA] DEV
19167,139.23.14.46,2123,TCP 4448,demchtc959x.dc4ca.siemens.de,Teamcenter IEC
19320,139.23.94.198,2231,TCP 3202;TCP 3601;TCP 3302;TCP 4802;TCP 44302,demchdc6kjx.dc4ca.siemens.de,ERP P5E
19270,139.23.85.9,2231,TCP 3202;TCP 3302;TCP 4802;TCP 44302,demchdc829x.dc4ca.siemens.de,ERP P55 (B.O.S)
19191,139.25.98.25,2166,TCP 3203; TCP 3603; TCP 3682; TCP 4803,colorado-ha2.siemens.com,Colorado Core HA1 - SAP Gui (4)
19542,139.21.152.110,5831,TCP 443; TCP 445,sn1tc101.ad001.siemens.net,QMS V EM HP
19340,139.25.126.171,5233,TCP 443; TCP 3202; TCP 3601; TCP 3602; TCP 4802,hrbi-hr1.siemens.com,SAP BI - RemBreak (HR1) [DE]
19323,158.92.68.64,2313,,businesscards.energy.siemens.com,businesscards.energy.siemens.com
19384,139.25.228.186,2277,TCP 636,scdasldap-qa.siemens.net,SCD
19219,139.23.123.202,2200,TCP 8082; TCP 8084,csf.cit.siemens.com,SAP Disclosure Management
19366,139.25.201.209,2218,TCP 8404;TCP 8004;TCP 8204;TCP 8443,demchdc9srx.dc4ca.siemens.de,IP on Hana
19245,139.23.155.247,5365,TCP 3200-3299; TCP 3300-3399; TCP 3600-3699; TCP 4300-4399; TCP 4800-4899; TCP 55001,pkgph10d.os.fth.sbs.de,SAP HCM (PH1) [NWE] + ESP portal
19254,139.23.156.40,678,TCP 443; TCP 4431; TCP 445,sn16tc01.ad001.siemens.net,QMS VI
19258,139.16.60.141,2226,TCP 90; TCP 8090,archive.siemens.ch,Saperion Archive CH
19259,139.23.157.230,5831,TCP 4431; TCP 445,defthw99y78srv.ad001.siemens.net,QMS V EM HP
19292,139.23.7.121,2467,TCP 1433; TCP 443,demchdc9q2a.ad007.siemens.net,Caremore
19567,158.226.14.102,2270,TCP 3266;TCP 3366;TCP 3666;TCP 4866;TCP 8366,vies1k4x.sie.siemens.at,SAP: GP1 (PROD)
19304,139.23.82.167,2246,TCP 442,financeportal.siemens-energy.com,ADSTAR Financial Reporting
19321,139.23.94.6,75,TCP 4802,demchdc7u2x.dc4ca.siemens.de,SAP SolMan CA1
19319,139.23.94.166,2231,TCP 3302; TCP 3601; TCP 8402; TCP 4802; TCP  44302,q5e.siemens-energy.com;demchdc6hbx.dc4ca.siemens.de,Q5E;ERP P5E
19349,139.25.129.118,2237,TCP 3201; TCP 4801; TCP 443,DWP-HB1.siemens.com,DWP
19364,158.226.216.246,3040,TCP 8090; TCP 90,archive-m.cee.siemens.com,Saperion Archive CEE
19375,139.25.231.85,3056,TCP 443; TCP 4444; TCP 4445,eas-saperion.siemens.com,EAS
19391,139.25.238.57,2281,TCP 1688; TCP 135;TCP 139;TCP 445;TCP 49152-65535;TCP 137-138,demchdc81ga.ad007.siemens.net,SAM4Siemens - Core
19393,139.25.238.61,2281,TCP 135;TCP 139;TCP 445;TCP 49152-65535;TCP 137-138,demchdc8a9a.ad007.siemens.net,SAM4Siemens - Core
19406,139.21.170.43,4791,TCP 11000,sn1ips01.ad001.siemens.net,IPAS Pro
19415,139.25.243.150,2467,TCP 1433; TCP 444,demchdc98ea.ad007.siemens.net,Caremore
19435,139.25.98.11,2166,TCP 3281; TCP 3681;  TCP 3682; TCP 4881,colorado-ha1.siemens.com,Colorado Core HA1 - SAP Gui (2)
19436,139.25.98.13,2166,TCP 3282; TCP 3682; TCP 4882,colorado-ha1.siemens.com,Colorado Core HA1 - SAP Gui (3)
19438,139.25.98.15,2166,TCP 3266; TCP 3666; TCP 3682; TCP 4866,colorado-ha2.siemens.com,Colorado Core HA2 - SAP Gui (1)
19443,139.25.98.26,2166,TCP 3204; TCP 3604; TCP 3682;  TCP 4804,colorado-ha2.siemens.com,Colorado Core HA2 - SAP Gui (3)
19444,139.25.98.27,2166,TCP 3205; TCP 3605; TCP 3682; TCP 4805,colorado-ha2.siemens.com,Colorado Core HA2 - SAP Gui (4)
19455,139.25.98.9,2166,TCP 3280; TCP 3680; TCP 3682; TCP 4880,colorado-ha1.siemens.com,Colorado Core HA1 - SAP Gui (1)
19458,139.23.155.246,5365,TCP 3200-3299; TCP 3300-3399; TCP 3600-3699; TCP 4300-4399; TCP 4800-4899; TCP 54501,sap01304.os.fth.sbs.de,SAP HCM (PH1) [NWE] + ESP portal
19459,140.231.51.114,2883,TCP 3200;TCP 3600,pekwj51a.cn001.siemens.net,SAP AP1
19523,140.231.76.17,1936,TCP 3206;TCP 3204,SAPSG011,SAP AP2
20119,139.23.138.6,5302,TCP 3202,demchdc57ax.dc4ca.siemens.de,SAP ERP S4P FocuS/4
19529,141.29.16.57,1949,TCP 443; TCP 80; TCP 3389 ,TRISTK99357DAT.ad001.siemens.net,eLedger
20103,139.23.94.11,75,TCP 3601,solman.siemens.net,SAP SolMan CA1
19553,85.184.249.209,6171,TCP 2525,yps.yesspress.com,YessPress Newsletter 8.x
19562,158.226.1.104,2792,TCP 3200; TCP 3300 ; TCP 3600,hrn-ci.sie.siemens.at,SAP HCM (HRN) [TR]
19566,158.226.14.101,2270,TCP 3262;TCP 3362;TCP 3662;TCP 4862;TCP 8362;TCP 80;TCP 443;TCP 8862;TCP 8962;TCP 9162,atvies117x.sie.siemens.at,SAP: GE1 (DEV)
19568,158.226.14.117,2270,TCP 3263;TCP 3363;TCP 3663;TCP 4863;TCP 8363,atvies991abx.sie.siemens.at,SAP: GA1 (QAS)
19570,158.226.14.74,5338,TCP 3247; TCP 3248; TCP 3347; TCP 3348; TCP 3647; TCP 3648,atvies9926sx.sie.siemens.at,SAP HCM (PT1) [HU]
19965,158.226.14.88,1975,TCP 3200-3299,,"SAP:HCP (HROne) [AT,CZ] + ESS/MSS"
19576,158.226.21.39,6508,TCP 80;TCP 443;TCP 8816;TCP 8916;TCP 9116,spi-mse-ng-int.sie.siemens.at,SPNA easy / cat2pro
19580,158.226.21.60,1829,TCP 3213;TCP 3313;TCP 3613;TCP 4813;TCP 8313;TCP 80;TCP 443;TCP 8813,vies1tmx.sie.siemens.at,SAP: MA1 (QAS)
19579,158.226.21.58,6508,TCP 3213;TCP 3313;TCP 3613;TCP 4813;TCP 8313;TCP 80;TCP 443;TCP 8813;TCP 3213;TCP 3313;TCP 3613;TCP 4813;TCP 80;TCP 443;TCP 8813;TCP 8913;TCP 9113,ma1-ci.sie.siemens.at,SPNA easy / cat2pro
19581,158.226.21.61,1829,TCP 3212;TCP 3312;TCP 3612;TCP 4812;TCP 8312;TCP 80;TCP 443;TCP 8812;TCP 8912;TCP 9112,vies1k2x.sie.siemens.at;me1-ci.sie.siemens.at,SAP: ME1 (DEV)
19584,161.134.9.6,2091,TCP 443; TCP 445; TCP 12099; TCP 19991; TCP 19992; TCP 19993; TCP 22401; TCP 23401; TCP 29991; TCP 29992; TCP 29993; TCP 32401,aoprous.siemens.com (usmifdc82ra.ad007.siemens.net),AO Pro
19585,161.218.188.111,1872,TCP 10494,sn1w7705:10494/ ,Dev Sigma+ ( sn1w7705.ad001.siemens.net)
19594,194.138.20.81,3808,TCP 2021; TCP 20020; TCP 20520; TCP 22; TCP 443; TCP 6619; TCP 4405,pro.di.siemens.com,EDI-Interfaces
19605,139.25.240.61,2753,TCP 444; TCP 443,cfib.cf.siemens.com,BPA-DB
19610,132.186.168.252,,TCP 22; TCP 49; TCP 123; UDP 123; UDP 514; TCP 601; TCP 6514,,Network tools server - UAE
19614,129.214.179.149,3268,TCP 5006,,Facturacion electronica Chile
19624,132.186.119.75,828,TCP 8000; TCP 8001; TCP 135,inggnm7cero.ad101.siemens-energy.net,PDMS - E F
19625,132.186.119.75,828,UDP 8000; UDP 8001; UDP 135,inggnm7cero.ad101.siemens-energy.net,PDMS - E F
19626,132.186.79.114,17100,TCP 8010,INMUMTHAIAAS054.ad001.siemens.net,FX Tool
19632,139.23.155.247,5365,TCP 8051,pkgph10d.os.fth.sbs.de,SAP HCM (PH1) [NWE] + ESP portal
19634,140.231.6.117,17086,TCP 4343,aumelbw711srv.ad001.siemens.net,SiPass
20105,132.186.122.27,17746,TCP 8081,132.186.122.27:8081/earnplus-civil-client-it/login,earn+civil  
19914,139.25.205.244,17042,TCP 9200-9399,ES,Cyber Defense Center (CDC) “Log Collectors”
19638,139.25.205.212,17042,TCP 53; TCP 88; TCP 464; UDP 123; TCP 389; TCP 443; TCP 636; UDP 53; UDP 88; UDP 464,Ipa,Cyber Defense Center (CDC) “Log Collectors”
19917,139.25.205.234,17042,TCP 443;TCP 5665,ICINGA,Cyber Defense Center (CDC) “Log Collectors”
19918,161.134.134.174,17042,TCP 80;TCP 443;TCP 8140,Puppet,Cyber Defense Center (CDC) “Log Collectors”
19935,140.231.41.20,17042,TCP 8140,Puppet,Cyber Defense Center (CDC) “Log Collectors”
19944,161.134.134.186,17042,TCP 53;UDP 53,DNS,Cyber Defense Center (CDC) “Log Collectors”
19932,139.25.205.241,17042,TCP 5044,Graylog,Cyber Defense Center (CDC) “Log Collectors”
19943,161.134.134.168,17042,TCP 1984,Xymon,Cyber Defense Center (CDC) “Log Collectors”
19940,155.45.163.130,17042,UDP 123,NTP,Cyber Defense Center (CDC) “Log Collectors”
19672,139.25.19.94,17009,TCP 443; TCP 9000,forensic.cert.siemens.com,Siemens CERT Forensic Upload Portal
19676,140.231.120.81,5672,TCP 135;TCP 137;TCP 138,mypljy015srv.ad001.siemens.net,PD Web Application for AAN
19688,163.242.205.140,4853,TCP 57018,rumowks0140srv.ad001.siemens.net,Kofax
19680,146.254.141.146,,TCP 139;TCP 445;UDP 137;UDP 138,defthwa004gsrv.ad001.siemens.net,Fiona share
19681,10.143.151.13,4272,TCP 1100; TCP 3200; TCP 3300; TCP 4820,aeuc1c003002x,P2P CCM
19682,139.23.95.102,4272,TCP 443; TCP 3379; TCP 4879,adp.siemens.net,P2P CCM
19690,132.186.217.205,17140,TCP 8095;UDP 8095;TCP 8096;UDP 8096;TCP 1433,inbaom00001srv.ad001.siemens.net,DiPEC
19700,163.242.75.25,17465,TCP 8530;TCP 8531,czprgs858v38.ad001.siemens.net,WSUS
19705,139.25.122.138,4046,TCP 4800;TCP 3300,testcmd.siemens.com,CMD interface 
19706,139.21.213.16,17034,TCP 3609,etd-dnp.eps.siemens.com,DNP
19708,139.22.180.79,99995,TCP 30513,sapha062.os.fth.sbs.de,SAP
19709,146.254.221.92,5163,TCP 2049;TCP 111;TCP 4045-4047,ptf.trench-group.com,SAP_PTF
19711,132.186.124.48,17220,TCP 8740; TCP 8741; TCP 8742; TCP 4343,inmumthaiaas042.ad001.siemens.net,SiPass Integrated
19723,139.23.240.53,5197,TCP 4800-4899,,SecureProvisioning
19724,139.21.170.175,,"TCP 443
TCP 21
UDP 137
TCP 137
UDP 138
TCP 139
TCP 445",,s_SIFOS
19793,139.23.171.229,99995,TCP 35415; TCP 35413,,SAP
19794,139.23.171.229,99995,TCP 36215; TCP 36213,,SAP
19798,139.23.171.201,99995,TCP 34215; TCP 34213,,SAP
19734,139.23.231.229,2273,TCP 3254; TCP 3654; TCP 3354; TCP 4854; TCP 9054; TCP 8443,,SAP BWP
19735,139.23.231.233,2273,TCP 8889,,SAP BWP
19736,132.186.79.248,17221,TCP  80; TCP 443; TCP 447; TCP 448,,MINERVA
19741,139.22.14.198,2048,"TCP 4700
TCP 4701
TCP 3601
TCP 3600
TCP 4800
TCP 8443
TCP 3200-3201
TCP 4801
TCP 8080",,SAP EWM A0P
19744,129.214.179.130,3717,TCP 6002,Not apply;  SAP Interface,Facturacion electronica Peru
19745,129.214.179.130,3717,TCP 6001,Not apply;  SAP Interface,Facturacion electronica Peru
19747,136.157.210.21,17523,"TCP 7498
TCP 135
TCP 136
TCP 137
TCP 138
TCP 445
TCP 139",,s_Concierge
19752,158.92.68.149,99997,TCP 20;TCP 21;TCP 22;TCP 23;TCP 80;TCP 451;TCP 452;TCP 450;TCP 4500;TCP 8080,,SI-Teil
19753,140.231.80.125,1977,TCP 50301,sgsgpk099kd.siemens.com.sg,SAP: AP0 (AAE)
19890,139.22.180.173,99995,TCP 30115;TCP 30113,,RBT 
19759,140.231.76.28,3258,TCP 3303,DEFTHWA0206SRV.ad101.siemens-energy.net,GloBus Teamcenter
19757,139.22.52.184,99995,"TCP 22
TCP 873",,s_defthwa9i97
20075,139.23.50.152,2212,TCP 3210; TCP 3310; TCP 4810; TCP 8410,demchdc6m8x.dc4ca.siemens.de,ESPRIT (Corporate Closing)
19767,139.23.50.142,2212,TCP 3202; TCP 3302; TCP 3601; TCP 4802; TCP 443; TCP 444,demchdc6kax.dc4ca.siemens.de,SE ESPRIT SAP System
19769,139.23.82.24,2212,TCP 3230; TCP 3330; TCP 4830; TCP 8430,demchdc6upx.dc4ca.siemens.de,SE ESPRIT SAP System
19770,139.21.170.116,571,TCP 8181;TCP 8381;TCP 8182;TCP 8382,,SNX WAN Monitoring
19774,139.21.170.121,571,UDP 161;UDP 162,,SNX WAN Monitoring
19791,139.23.156.180,571,TCP 161;TCP 162; TCP 9995,,SNX WAN Monitoring
19796,139.23.171.201,99995,TCP 35215; TCP 35213,,SAP
20171,137.223.43.230,99994,"TCP 111
TCP 2049
TCP 2052",,Atos Infra IRV LD (Atos MMSA)
19806,141.29.20.180,17042,TCP 6514; TCP 514; UDP 6514; UDP 514,,Cyber Defense Center (CDC) “Log Collectors”
19817,161.218.9.10,99994,TCP 443;TCP 8140;TCP 4222,,s_webserviceMMSA
19820,139.22.52.184,99995,"TCP 30713
TCP 30715",,s_defthwa9i97
19841,129.214.17.101,,TCP 80; TCP 443;TCP 3389; TCP 22,,s_atos-bps
19846,157.163.179.41,,TCP 3250;TCP 3350;TCP 3650;TCP 4850,,s_atos-bps
19847,157.163.179.42,,TCP 3252;TCP 3352;TCP 3652;TCP 4852,,s_atos-bps
19848,157.163.179.43,,TCP 3253;TCP 3353;TCP 3653;TCP 4853,,s_atos-bps
19849,157.163.179.44,,TCP 3251;TCP 3351;TCP 3651;TCP 4851,,s_atos-bps
19851,157.163.179.36,,TCP 3200;TCP 3300;TCP 3600;TCP 4800,,s_atos-bps
19867,10.99.159.119,,TCP 80;TCP 443;TCP 3389;TCP 6201; TCP 6210,,s_atos-bps
19870,10.99.159.8,,TCP 7001;TCP 4443;TCP 7777,,s_atos-bps
19874,129.214.226.192,,TCP 4840;TCP 102;TCP 80;TCP 443;TCP 3389;TCP 1433;TCP 445;UDP 34964,,s_atos-bps
19877,139.23.101.75,2211,TCP 3302;TCP 3202;TCP 4802;TCP 3601,,SAP HCM - GloHRia (HCP) [EU SWE]
19885,139.21.223.172,2122,TCP 3302; TCP 3602; TCP 3202,defthwa9icq.os.fth.sbs.de ,Spiridon SAP E35
19895,132.186.199.166,12685,TCP 49152-49202; TCP 371,INDELA7CCA.AD001.SIEMENS.NET,ClearCase
19916,139.25.205.212,17042,TCP 53;TCP 88;TCP 464;UDP 53; UDP 88; UDP 464; UDP 123; TCP 389;TCP 443;TCP 636,Ipa,Cyber Defense Center (CDC) “Log Collectors”
19947,139.25.20.71,17042,TCP 6514;UDP 6514;TCP 514; UDP 514,cdc-forwarder,Cyber Defense Center (CDC) “Log Collectors”
19949,163.242.193.156,,TCP 21,,s_atosupdate
19950,132.186.125.126,17224,TCP 2910; TCP 2930;TCP 2939;TCP 1824;TCP 2063;TCP 4941;TCP 2942;TCP 2941;TCP 4940;UDP 2613;UDP 4940,INMUMTHAIAAS067.ad001.siemens.net,Ricoh-Printer
19951,132.186.79.248,17287,TCP 80;TCP 443;TCP 447;TCP 448;TCP 1433,inggnh777srv.ad001.siemens.net,Minerva  QM proces
19952,132.186.217.40,17288,TCP 80;TCP 443;TCP 786;TCP 787;TCP 788;TCP 789;TCP 790;TCP 791;TCP 792;TCP 793;TCP 794;TCP 795;TCP 796;TCP 797;TCP 798;TCP 799;TCP 800,invadi7cac.ad001.siemens.net,QPMT
19953,132.186.217.39,17289,TCP 80;TCP 443;TCP 1433;TCP 8080;TCP 447;TCP 448;TCP 449;TCP 450,INVADI7CAB.ad001.siemens.net,IPMS
19954,132.186.217.170,17290,TCP 80;TCP 1111;TCP 1112;TCP 1113,invadi111srv.ad001.siemens.net,IPMS_IIS
19955,132.186.79.116,17303,TCP 3389;TCP 443;TCP 80;TCP 8080,INMUMTHA152SRV.ad001.siemens.net,GEC Portal
19959,132.186.199.166,12685,TCP 49152 - 49202; TCP 371; TCP 1024 - 1080; TCP 1352; TCP 1413; TCP 3900; TCP 5104,INDELA7CCA.AD001.SIEMENS.NET,ClearCase
19969,163.242.203.28,2887,TCP 1407,cimwh.siemens.ru,SAP HR (MW5) [RCA] + ESS/MSS MWK myHR portal
19970,163.242.203.30,2887,TCP 50901,jcmwi.siemens.ru,SAP HR (MW5) [RCA] + ESS/MSS MWK myHR portal
19971,132.186.93.168,99996,UDP 111,inaw216476svr.ad001.siemens.net,PLM
19972,146.254.6.55,12685,UDP 371,DEERLF7RUDCCA.AD001.SIEMENS.NET,ClearCase
19988,132.186.79.34,99996,TCP 111,inbomt094srv.ad001.siemens.net ,PLM
19993,140.231.80.80,1977;6077,TCP 4801,,WSTime
19997,139.21.161.203,99998,TCP 30115,denbgat9o7q.os.fth.sbs.de,SAP VP2
20151,139.21.161.234,99998,TCP 30215,,SAP ERP VP2
20008,140.231.137.134,5333,TCP 3202; TCP 4802,fiori-fis.siemens.com,SAP Fiori - Germany
20009,139.23.84.107,5333,TCP 44336; TCP 55336; TCP 44337; TCP 55337; TCP 44358; TCP 55358; TCP 44359; TCP 55359; TCP 44360; TCP 55360; TCP 44371; TCP 55371; TCP 44375; TCP 55375; TCP 44354; TCP 55354; TCP 44357; TCP 55377; TCP 44363; TCP 55363,fiori-dev-wd.siemens.com,SAP Fiori - Germany
20011,139.23.84.91,5333,TCP 44336; TCP 44337; TCP 44358; TCP 44359; TCP 44362; TCP 44366; TCP 44368; TCP 44369; TCP 44371,fiori-prod-wd.siemens.com ,SAP Fiori - Germany
20016,139.23.98.103,2232,TCP 3202; TCP 3302; TCP 3601; TCP 4802; TCP 443; TCP 25,,Smart Analytics
20018,139.23.82.13,2232,TCP 3220; TCP 3320; TCP 4820; TCP 8420,,Smart Analytics
20070,139.25.229.27,2212,TCP 445; UDP 445,,ESPRIT (Corporate Closing)
20030,139.21.205.55,2232,TCP 3202; TCP 3302; TCP 3601; TCP  4802; TCP 443; TCP  444; TCP 25,"sem.siemens-energy.com
demchdc6vcx.dc4ca.siemens.de",Smart Analytics
20038,140.231.14.102,12366,TCP 44321; TCP 44300,sgsgpk099ub.siemens.com.sg     ,SAP AP9
20035,140.231.14.105,12366,TCP 44321,sgsgpk0976u.siemens.com.sg     ,SAP AP9
20041,139.23.29.145,12366,TCP 44311; TCP 44321,,SAP AP9
20049,147.54.101.190,12524,TCP 3389; UDP 47808; UDP47809,GLTSRV01.ad001.siemens.net,Desigo Insight
20050,139.25.231.74,6103,TCP 21; TCP 1100,,SITRIS Siemens Logistic Track & Trace System
20052,157.163.138.100,4397,TCP443; TCP 3650; TCP 3350; TCP 4850,sn1s7101.ad001.siemens.net,OneSRM
20055,158.226.21.58,7640,TCP 1100; TCP 11000,,OpenFT
20056,161.134.219.132,1126,TCP 52001-52020; TCP 1099,usmifdc83ba.ad007.siemens.net,ediscoveryUS_Axcelerate
20057,161.134.219.133,1126,TCP 443; TCP 52001-52020; TCP 1099; TCP 53001-53020,axcelerate-eca1.usa.siemens-energy.com,ediscoveryUS_Axcelerate
20058,161.134.219.136,1126,TCP 52001-52020; TCP 1099; TCP 53001-53020,usmifdc83fa.ad007.siemens.net,ediscoveryUS_Axcelerate
20060,161.134.219.139,1126,TCP 51003-51004; TCP 1099,usmifdc83ja.ad007.siemens.net,ediscoveryUS_Axcelerate
20062,161.134.252.23,1126,TCP 443; TCP 51001-51010; TCP 1099; TCP 52001-52010,axcelerate-qa.usa.siemens-energy.com,ediscoveryUS_Axcelerate
20066,147.54.95.213,2869,TCP 3000,,Agile SP
20072,139.21.170.230,17267,TCP 11000; TCP 11103; TCP 1038; TCP 11106; TCP 11105; TCP 11108; TCP 11301; TCP 12901; TCP 12902; TCP 12903; TCP 12701; TCP 12710; TCP 12703; TCP 12705; TCP 12707; TCP 12708; TCP 13102; TCP 14121; TCP 14122; TCP 13401; TCP 13402; TCP 13403,sn1ips03.ad001.siemens.net ,DPMA Server
20073,139.23.94.11,75,TCP 3302;TCP 44302,solman.siemens.net,SAP SolMan CA1
20076,141.29.235.116,99994,TCP 1500; TCP 1501,,IBM Tivoli Storage Manager
20085,139.23.91.151,4872/4870,TCP 22222; TCP 443,,MITT / ICC
20089,132.186.135.176,17249,UDP 5246; UDP 5247,,New WIFI AP registration to WLC controller in ZA MDR
20093,158.226.21.39,6508,TCP 8816; TCP 8916; TCP 9016,,spna easy/Cat2Pro
20094,158.226.21.58,6508,TCP 8813; TCP 9013,,spna easy/Cat2Pro
20099,149.246.207.10,17648, TCP 443; TCP 3389; TCP 3391; UDP 3389; UDP 3391,deerlmsimts01.ad001.siemens.net,Simulation Plattform
20106,140.231.80.81,16661 / 1977,TCP 3220;TCP 3320;TCP 4820;TCP 3302;TCP 4802,sapsg005.siemens.com.sg ,SAP AP8
20107,139.23.91.151,4872,TCP 22222, ,ICC MTO Tool
20109,136.157.47.227,17750,UDP 3261 ,,Fire Alarm Panel 
20137,136.157.210.81,6061,TCP 7789;TCP 443,,openscape
20145,161.218.188.177,99994,TCP 8140;TCP 4222;TCP 443,webcat-us-bridge1.it-solutions.atos.net,MMSA
20153,139.22.52.152,99995,TCP 30015; TCP 30013,,SAP Hana
20160,157.163.130.182,4513,TCP 443; TCP 20; TCP 21; TCP 22; TCP 23; TCP 80; TCP 450; TCP 451; TCP 452; TCP 4500; TCP 8080,,MyTMA
20162,163.242.0.55,4485,TCP 80;TCP 443;TCP 10943,,"MyForms Workflow Platform
s_OctopusDeploy"
20164,139.25.122.139,4046,TCP 1500,sn1qlp01.ad101.siemens-energy.net,Corporate Master Data Management (CMD)
20165,137.223.43.200,99994,"TCP 28001;TCP 30001;
TCP 30003;
TCP 29000",,Atos Infra IRV LD (Atos MMSA)
20169,137.223.43.204,99994,TCP 29000,,Atos Infra IRV LD (Atos MMSA)
20175,155.45.163.130,17042,TCP 123; UDP 123,,CDC Log Collectors
20176,132.186.122.26,8520,TCP 443;TCP 8083,,Earn+
20177,132.186.122.102,8520,TCP 8082,,Earn+
20183,139.23.95.166,5164,TCP 30013,,SAP_ETG
20184,146.254.221.205,,TCP 5000,,S_RDP
